stable_key,slice_role,title,canonical_citation,year_status,rule_status,thresholds,source_depth,availability,confidence,duplicate_check,primary_links
10.1145/3714394.3754395,A/D/F,"PULSE: A Screenshot-Based Labeling Tool for Investigating Smartphone Behavior, Intent, and Perception.","Hsu, Je-Wei; Lin, Ching-Ting; Chen, Uei-Dar; Kuo, Jui-Ching; Liu, Jui-Chun; Lin, Yong-Han; Chen, Chen-Ya; Pourafshari, Razieh; Lu, Yifei; Bayer, Joseph B.; Chang, Yung-Ju. “PULSE: A Screenshot-Based Labeling Tool for Investigating Smartphone Behavior, Intent, and Perception.” UbiComp/ISWC Companion, 2025.",2025 peer-reviewed,"Declared for screen/session closure, duration bins, and ESM selection; orphan, overlap, duplicate, reboot, clock-change, and query-tail branches are absent or undetermined.",screen off >30 s; inactivity 30 s; bins 0–5/5–30/30–60/60–180/180–300/≥300 s; ≤15 prompts/day; ≥1 h prompt spacing; ≥12 h/day; 08:00–23:00,primary full text + methods tables,Paper and toolkit description available; no public participant raw log or complete collector repository was verified in this run.,High,Exact normalized DOI absent from all 496 supplied DOI strings; canonical title absent from the 428 mechanically detected heading lines.,DOI: https://doi.org/10.1145/3714394.3754395
10.1145/3544548.3580689,A/D/F,Are You Killing Time? Predicting Smartphone Users’ Time-Killing Moments via Fusion of Smartphone Sensor Data and Screenshots.,"Chen, Yu-Chun; Lee, Yu-Jen; Kao, Kuei-Chun; Tsai, Jie; Liang, En-Chi; Chiu, Wei-Chen; Shih, Faye; Chang, Yung-Ju. “Are You Killing Time? Predicting Smartphone Users’ Time-Killing Moments via Fusion of Smartphone Sensor Data and Screenshots.” CHI 2023.",2023 peer-reviewed,"Declared screen-off merger, acquisition cadence, look-back exclusion, and analysis window; lifecycle collision, missing-close, reboot, clock/timezone, and query-boundary policies are absent.",screen-off merge ≤45 s; screenshots/sensors every 5 s; 30-s feature window; first hour/day excluded; ≥12 h/day,primary full text + public code,"MIT-licensed model code, weights, and examples are public; original privacy-sensitive participant screenshots/logs are not public.",High,DOI and title absent from supplied indexes; companion/session descendants already in the packet were treated separately and not re-imported.,DOI: https://doi.org/10.1145/3544548.3580689 | Code: https://github.com/johnsonkao0213/kill_time_detection
10.1145/3522711,A/D,Characterization and Prediction of Mobile Tasks.,"Tian, Yuan; Zhou, Ke; Pelleg, Dan. “Characterization and Prediction of Mobile Tasks.” ACM Transactions on Information Systems 41(1), 2023 (online 2022).",2022 peer-reviewed,"Declared 45-s session boundary and separate task formalization; upstream Android event pairing, missing records, and clock handling are delegated to UbiqLog.",standby/inactivity >45 s starts a new session,primary full text,"Primary article available; the analyzed sample is derived from an existing corpus, but no independent raw-event reconstruction implementation was verified.",High,Exact DOI/title absent from supplied indexes.,DOI: https://doi.org/10.1145/3522711
10.1145/3479600,A/D/F,"Reflect, Not Regret: Understanding Regretful Smartphone Use with App Feature-Level Analysis.","Cho, Hyunsung; Choi, DaEun; Kim, Donghwi; Kang, Wan Ju; Choe, Eun Kyoung; Lee, Sung-Ju. “Reflect, Not Regret: Understanding Regretful Smartphone Use with App Feature-Level Analysis.” PACM HCI/CSCW 5(CSCW2), 2021.",2021 peer-reviewed,"Executable and declared for app-specific feature states and feature-session end; system-app filters, malformed layout handling, overlap, missing end, reboot, and clock policies are incomplete or app-specific.",ESM reset logic every 3 h in source; no general inactivity gap; semantics tied to September-2020 app versions and Korean UI,primary full text + executable source,"Android source, study APK, and version guidance are public; participant raw logs are not public.",High,Exact DOI/title absent from packet indexes.,DOI: https://doi.org/10.1145/3479600 | Code: https://github.com/choch-o/Finesse
10.1145/3743726,A/D,On-Device Interaction Mining.,"Arsan, Deniz; Guo, Carl; Wellyanto, Muhammad Rizky; Ji, Erik R.; Talton, Jerry O.; Kumar, Ranjitha. “On-Device Interaction Mining.” PACM HCI 9(5), 2025.",2025 peer-reviewed,Executable package-transition segmentation and explicit human repair are declared; no general screen/unlock session layer and no crossed alternative pairing/gap policies.,package transition is the main boundary; no fixed inactivity gap reported,primary full text + executable source,Paper and Android source are public; no large open naturalistic raw corpus was verified.,High,DOI/title absent from supplied indexes.,DOI: https://doi.org/10.1145/3743726 | Android source: https://github.com/datadrivendesign/odim-android
10.1145/3675094.3677547,A/D,ScreenTK: Seamless Detection of Time-Killing Moments Using Continuous Mobile Screen Text and On-Device LLMs.,"Fang, Le; Zhang, Shiquan; Jia, Hong; Goncalves, Jorge; Kostakos, Vassilis. “ScreenTK: Seamless Detection of Time-Killing Moments Using Continuous Mobile Screen Text and On-Device LLMs.” UbiComp/ISWC Companion 2024.",2024 peer-reviewed,"Declared acquisition and interval derivation; app/session opener/closer, orphan/missing event repair, and clock/timezone handling are delegated or absent.",comparison screenshot cadence 5 s; no session gap,primary full text,Paper and method description available; complete collector source and participant raw stream were not verified as public.,High,Exact DOI/title absent from supplied indexes.,DOI: https://doi.org/10.1145/3675094.3677547 | arXiv: https://arxiv.org/abs/2407.03063
10.1145/3267305.3274118,A/D,Notification Log: An Open-Source Framework for Notification Research on Mobile Devices.,"Weber, Dominik; Voit, Alexandra; Henze, Niels. “Notification Log: An Open-Source Framework for Notification Research on Mobile Devices.” UbiComp/ISWC Adjunct 2018.",2018 peer-reviewed,Executable source semantics and storage path declared; user-visible episode construction and cross-version removal semantics remain partial.,callback-driven; no behavioral time gap,primary full text + executable source,MIT-licensed Android source and paper are public; no single open participant corpus accompanies the framework.,High,Exact DOI/title absent from packet indexes; later Annotif and Clear All were checked as distinct publications.,DOI: https://doi.org/10.1145/3267305.3274118 | Code: https://github.com/interactionlab/android-notification-log
10.3390/s24082612,A/D,Call to Action: Investigating Interaction Delay in Smartphone Notifications.,"Stach, Michael; Mulansky, Lena; Reichert, Manfred; Pryss, Rüdiger; Beierle, Felix. “Call to Action: Investigating Interaction Delay in Smartphone Notifications.” Sensors 24(8), 2024.",2024 peer-reviewed,Declared cleaning windows and exclusions; semantic action attribution is conflated and no replacement/grouping state machine is published.,remove delay ≤0 or >1 day excluded; battery join ±10 min,primary full text,Open article; original user-level raw data and complete collector source were not verified as public.,High,Exact DOI/title absent from packet indexes.,DOI: https://doi.org/10.3390/s24082612
10.1145/3770713,A/D,"Beyond the Feature Level: A Cluster Analysis of Feature-Level Social Media Behaviour Patterns, Maladaptive Use, and Psychological Well-Being.","Sramek, Zefan; Lokuge, Sachinthya; Sternat, Tia; Katzman, Martin A.; Yatani, Koji. “Beyond the Feature Level: A Cluster Analysis of Feature-Level Social Media Behaviour Patterns, Maladaptive Use, and Psychological Well-Being.” PACM IMWUT 9(4), 2025.",2025 peer-reviewed,"Declared at the feature-state/URL level; general episode construction undetermined. Retained because the instrument materially changes the observability boundary, not because it closes the residual novelty claim.",No verified general behavioral gap; controlled state changes,publisher record + primary system description; full method partially inaccessible,Publisher record and system description verified; no public code or raw participant trace located.,Medium,Exact DOI/title absent from indexes.,DOI: https://doi.org/10.1145/3770713
10.1145/3447991,A/D,"Understanding, Discovering, and Mitigating Habitual Smartphone Use in Young Adults.","Monge Roffarello, Alberto; De Russis, Luigi. “Understanding, Discovering, and Mitigating Habitual Smartphone Use in Young Adults.” ACM Transactions on Interactive Intelligent Systems, 2021.",2021 peer-reviewed,"Declared simple screen-on→screen-off construction; missing screen-off, rapid off/on, reboot, system apps, and overlap semantics are absent.",screen on→screen off; no gap merger,primary full text + software materials,Primary article and Socialize software materials are available; raw participant logs are not public.,High,Exact DOI/title absent from packet indexes; related app-switching work was capped as same-lineage unresolved/near-miss.,DOI: https://doi.org/10.1145/3447991
10.5555/3235838.3235857,A/D,It’s a Hard Lock Life: A Field Study of Smartphone (Un)Locking Behavior and Risk Perception.,"Harbach, Marian; von Zezschwitz, Emanuel; Fichtner, Andreas; De Luca, Alexander; Smith, Matthew. “It’s a Hard Lock Life: A Field Study of Smartphone (Un)Locking Behavior and Risk Perception.” SOUPS 2014.",2014 peer-reviewed,"Explicit state machine and selection policy; failures are detected/excluded, not reconstructed. No versioned alternative policies.",heavy ≥9 unlocks/h at 10% sampling; medium 4–8/h at 15%; max 1 ESM/h,primary full text,USENIX paper is public; logger source/raw data not located.,High,Title and stable accession absent from packet indexes.,USENIX record: https://www.usenix.org/conference/soups2014/proceedings/presentation/harbach
10.1145/3365610.3365611,A/D/F,Annotif: A System for Annotating Mobile Notifications in User Studies.,"Weber, Dominik; Voit, Alexandra; Kollotzek, Gisela; Henze, Niels. “Annotif: A System for Annotating Mobile Notifications in User Studies.” MUM 2019.",2019 peer-reviewed,Declared event fields and human validation; grouping/replacement semantics acknowledged but not fully normalized into episodes.,"93.02% annotation coverage is an observed completeness result, not a behavioral threshold",primary full text + open base framework,Paper available; built on the open Notification Log framework. The participant dataset was not located as an open raw corpus.,High,Exact DOI/title absent from packet indexes.,DOI: https://doi.org/10.1145/3365610.3365611 | Framework: https://github.com/interactionlab/android-notification-log
10.1145/3229434.3229445,A/D/F,Dismissed! A Detailed Exploration of How Mobile Phone Users Handle Push Notifications.,"Pielot, Martin; Vradi, Amalia; Park, Souneil. “Dismissed! A Detailed Exploration of How Mobile Phone Users Handle Push Notifications.” MobileHCI 2018.",2018 peer-reviewed,"Declared deduplication and app-open attribution; cross-device, timeout, replacement, and missing callback branches remain conflated.",same-second posted burst collapsed; no fixed response cap reported,primary full text,Primary full text available; collector and raw participant data not verified as open.,High,DOI/title absent from supplied indexes.,DOI: https://doi.org/10.1145/3229434.3229445
10.1145/2858036.2858566,A/D/F,My Phone and Me: Understanding People’s Receptivity to Mobile Notifications.,"Mehrotra, Abhinav; Pejovic, Veljko; Vermeulen, Jo; Hendley, Robert; Musolesi, Mirco. “My Phone and Me: Understanding People’s Receptivity to Mobile Notifications.” CHI 2016.",2016 peer-reviewed,Declared state proxies and inclusion rule; exact visual exposure and ambiguous removals are not observable.,≥14 questionnaires for inclusion; ≤4 ESM/day; seen=next unlock or 0 when already unlocked,primary full text,Primary full text available; no open raw log/collector verified.,High,Exact DOI/title absent from packet indexes.,DOI: https://doi.org/10.1145/2858036.2858566
10.1145/2858036.2858267,A/D,The Anatomy of Smartphone Unlocking: A Field Study of Android Lock Screens.,"Harbach, Marian; De Luca, Alexander; Egelman, Serge. “The Anatomy of Smartphone Unlocking: A Field Study of Android Lock Screens.” CHI 2016.",2016 peer-reviewed,"Explicit typed state machine and ordering exclusion; out-of-order sequences are discarded rather than repaired, and no alternative policy set is supplied.","session screen on→off; 9.8% context-switched; 494-ms mean delay is observed, not a cleaning threshold",primary full text,Primary article available; PhoneLab instrumentation/raw logs not released as a reusable builder.,High,DOI/title absent from packet indexes.,DOI: https://doi.org/10.1145/2858036.2858267
10.1145/3613904.3642583,A/D,Real-World Winds: Micro Challenges to Promote Balance Post Smartphone Overload.,"Terzimehić, Nađa; Huber, Julia; Aragon-Hahner, Sarah; Mayer, Sven. “Real-World Winds: Micro Challenges to Promote Balance Post Smartphone Overload.” CHI 2024.",2024 peer-reviewed,Declared intervention gates and lock/unlock session evidence; no comprehensive event-repair semantics.,12 min uninterrupted use; >5 unlocks/30 min,primary full text + app repository,Paper and app repository are public; original participant logs are not.,High,Exact DOI/title absent from indexes.,DOI: https://doi.org/10.1145/3613904.3642583 | Code: https://github.com/mimuc/chi24-rww
10.1145/3191754,A/D/F,What Makes Smartphone Use Meaningful or Meaningless?,"Lukoff, Kai; Yu, Cissy; Kientz, Julie; Hiniker, Alexis. “What Makes Smartphone Use Meaningful or Meaningless?” PACM IMWUT 2018.",2018 peer-reviewed,Declared ESM selection around app-use intervals; upstream UsageStats interval semantics and malformed/missing boundaries are delegated.,during prompt 15–120 s; end prompt only after ≥15 s; 30-min cooldown; max 1 prompt/app use,primary full text + public code,Primary article and collection code are public; raw participant logs are not.,High,DOI/title absent from supplied indexes.,DOI: https://doi.org/10.1145/3191754
10.1145/3772318.3791137,A/D,Crepe: A Mobile Screen Data Collector Using Graph Query.,"Lu, Yuwen; Chen, Meng; Zhao, Qi; Cox IV, Victor; Yang, Yang; Jiang, Meng; Brockman, Jay; Kay, Tamara; Li, Toby Jia-Jun. “Crepe: A Mobile Screen Data Collector Using Graph Query.” CHI 2026; earlier version arXiv:2406.16173.",2026 peer-reviewed,"Executable event dedup/throttle, synchronization, and deletion semantics; no crossed opener/closer/gap policy family.",4-s throttle; cache clear 10 s; hourly sync,primary full text + executable source,Paper/preprint and Android source are public; participant raw traces are not.,High,DOI/title absent from packet indexes; preprint/final treated as one work.,DOI: https://doi.org/10.1145/3772318.3791137 | Code: https://github.com/ND-SaNDwichLAB/crepe | Preprint: https://arxiv.org/abs/2406.16173
10.1145/3613904.3642347,A/D,A Tool for Capturing Smartphone Screen Text.,"Teng, Songyan; D’Alfonso, Simon; Kostakos, Vassilis. “A Tool for Capturing Smartphone Screen Text.” CHI 2024.",2024 peer-reviewed,Acquisition semantics declared; sessionization and failure repair delegated/absent.,continuous Accessibility capture; two-week study; no general gap,primary full text,Primary article available; no verified open collector/raw corpus.,Medium-High,Exact DOI/title absent from indexes.,DOI: https://doi.org/10.1145/3613904.3642347
10.1145/3728898,A/D,Walls Have Ears: Demystifying Notification Listener Usage in Android Apps.,"Deng, Jiapeng; Liu, Tianming; Zhao, Yanjie; Wang, Chao; Zhang, Lin; Wang, Haoyu. “Walls Have Ears: Demystifying Notification Listener Usage in Android Apps.” PACM Software Engineering/ISSTA 2025.",2025 peer-reviewed,Executable source/audit rules; behavioral opener/closer semantics absent.,No behavioral threshold,primary full text + executable source/data,"Paper, analyzer/JAR, and supporting datasets are public.",High,DOI/title absent from supplied indexes.,DOI: https://doi.org/10.1145/3728898 | Code: https://github.com/security-pride/NLRadar
10.1145/3473856.3473881,A/D/F,Why Did You Stop? - Investigating Origins and Effects of Interruptions during Mobile Language Learning.,"Draxler, Fiona; Schneegass, Christina; Safranek, Jonas; Hussmann, Heinrich. “Why Did You Stop? - Investigating Origins and Effects of Interruptions during Mobile Language Learning.” Mensch und Computer 2021.",2021 peer-reviewed,Declared session/interruption/resumption and prompt-tail policy; Android event collision and missing-event repair are not generalized.,10-min inactivity/resumption boundary; ESM scheduled after 10 min and expires after 3 h,primary full text,Primary article available; app and participant raw logs not verified as public.,High,DOI/title absent from supplied indexes.,DOI: https://doi.org/10.1145/3473856.3473881
10.1145/3613904.3642832,A/D,S-ADL: Exploring Smartphone-Based Activities of Daily Living to Detect Blood Alcohol Concentration in a Controlled Environment.,"Lee, Hansoo; Kim, Auk; Bae, Sang Won; Lee, Uichin. “S-ADL: Exploring Smartphone-Based Activities of Daily Living to Detect Blood Alcohol Concentration in a Controlled Environment.” CHI 2024.",2024 peer-reviewed,Declared controlled sequence and expected actions; naturalistic missingness/query-boundary rules absent.,"Script-defined task boundaries, no general gap",primary full text,Primary article plus supplementary dataset and analysis code are public.,High,DOI/title absent from supplied indexes.,DOI: https://doi.org/10.1145/3613904.3642832 | Dataset/code: https://github.com/Kaist-ICLab/S-ADL_BAC_Detection
10.3758/s13428-022-02006-z,A/D/F,ScreenLife Capture: An Open-Source and User-Friendly Framework for Collecting Screenomes from Android Smartphones.,"Yee, Andrew Z. H.; Yu, Ryan; Lim, Sun Sun; Lim, Kwan Hui; Dinh, Thi Thu Anh; Loh, Ling; Hadianto, Adeline; Quizon, Miguel. “ScreenLife Capture: An Open-Source and User-Friendly Framework for Collecting Screenomes from Android Smartphones.” Behavior Research Methods 55(8), 2023 (online 2022).",2022 peer-reviewed,Acquisition cadence and privacy pause declared; event-to-episode semantics absent.,default screenshot interval 5 s; two-week pilot,primary full text + executable source,Primary article and Android collection source are public; pilot raw screenshots are not.,High,Exact DOI/title absent from supplied indexes; Stanford Screenomics is a separate known DOI and was rejected as duplicate.,DOI: https://doi.org/10.3758/s13428-022-02006-z | Code: https://github.com/ScreenLife-Capture-Team/screenlife-capture-collection
10.48550/arXiv.2603.05923,A/D,Learning Next Action Predictors from Human–Computer Interaction.,"Shaikh, Omar; Teutschbein, Valentin; Gandhi, Kanishk; Chi, Yikun; Haber, Nick; Robinson, Thomas; Ram, Nilam; Reeves, Byron; Yang, Sherry; Bernstein, Michael S.; Yang, Diyi. “Learning Next Action Predictors from Human–Computer Interaction.” arXiv preprint, 2026 (NAPsack/LongNAP).",2026 preprint,"Executable typed-event gap, cap, forced-split, overlap, monitor-boundary, and duplicate-frame policies. It is the strongest new threat to a broad “no executable event repair” claim, but it lacks mobile OS screen/lock/foreground-app lifecycle semantics and does not cross competing policy families.",click gap/max 0.2/0.3 s; move 0.5/4 s; scroll 0.5/3 s; key 0.5/6 s; ±75 ms context; 60-frame chunks; pHash distance ≤5/256,primary full text + executable source/project,"Preprint, project page, and source are public; the naturalistic phone corpus has privacy constraints.",High,Exact arXiv DOI/title absent from supplied indexes.,DOI: https://doi.org/10.48550/arXiv.2603.05923 | Project: https://generalusermodels.github.io/nap/
ios-unifiedlogs-unlock-2023,B/D,"iOS Unified Logs — Introduction, Screen Unlock and App Opening.","Notari, Lionel. “iOS Unified Logs — Introduction, Screen Unlock and App Opening.” Technical artifact analysis, first published 2023 and updated through 2025.",2023–2025 open technical analysis,Multiple declared forensic predicates and ambiguity warnings; no canonical cross-version episode builder or validation fixtures.,Retention is device/version dependent; no universal gap,author technical analysis + query examples,Open technical article with query examples; no DOI and no open population raw-log corpus.,Medium-High,Exact title/URL manually checked against the DOI-free headings and not found.,Technical article: https://www.ios-unifiedlogs.com/post/ios-unified-logs-unlock
ios-unifiedlogs-parser-sql-2025,B/D,iOS Unified Logs Parser,"Notari, Lionel. “iOS Unified Logs Parser” and companion “Parsing: All My SQL Queries.” Open parser/rule library, 2025.",2025 open tool/grey literature,"Executable extraction, QC, and event-label rules; episode pairing and crossed sensitivity policies incomplete.",Full extraction recommended before time filtering; no behavioral gap,executable tool + source-oriented technical documentation,"Open parser, SQL rules, and technical documentation; no open longitudinal user corpus.",High for tool behavior; Medium for behavioral meaning,Manual DOI-free title/URL check found no supplied record.,Parser: https://www.ios-unifiedlogs.com/post/ios-unified-logs-my-parsing-tool-is-out | SQL rules: https://www.ios-unifiedlogs.com/post/ios-unified-logs-parsing-all-my-sql-queries
powerlogs-monotonic-clocks-2022,B/D,"Time Well Spent: Precision Timing, Monotonic Clocks, and the PowerLogs Database for iOS.","Williamson, Mike; Strong, Sab. “Time Well Spent: Precision Timing, Monotonic Clocks, and the PowerLogs Database for iOS.” Forensic Focus technical presentation/article, 2022.",2022 forensic technical article,Declared timing semantics and batching caveats; no complete app-session builder.,approximately 15-min batch/queue flush behavior; boot-relative monotonic conversion,author forensic technical presentation/article,Open forensic article/presentation; no code or raw corpus verified.,Medium-High,Manual title/URL check found no supplied DOI-free record.,Technical article: https://www.forensicfocus.com/webinars/time-well-spent-precision-timing-monotonic-clocks-and-the-powerlogs-database-for-ios/
10.1073/pnas.2213114120,B/D/F,Directing Smartphone Use Through the Self-Nudge App one sec.,"Grüning, David J.; Riedel, Frederik; Lorenz-Spreen, Philipp. “Directing Smartphone Use Through the Self-Nudge App one sec.” Proceedings of the National Academy of Sciences, 2023.",2023 peer-reviewed,"Declared target-app opener, 10-s gate, and response state; non-target use, OS-level Screen Time construction, and missing-trigger handling are absent.",10-s friction; six-week observation,primary full text + open analysis data,Open article and OSF analysis data; application source not public.,High,DOI/title absent from supplied indexes.,DOI: https://doi.org/10.1073/pnas.2213114120 | OSF: https://osf.io/p4wy6/
10.1145/3613904.3642370,B/D/F,A Longitudinal In-the-Wild Investigation of Design Frictions to Prevent Smartphone Overuse.,"Haliburton, Luke; Grüning, David J.; Riedel, Frederik; Schmidt, Albrecht; Terzimehić, Nađa. “A Longitudinal In-the-Wild Investigation of Design Frictions to Prevent Smartphone Overuse.” CHI 2024.",2024 peer-reviewed,"Declared trigger, response, history cutoff, and break threshold; broader phone-use episode construction absent.","delay 3–60 s, default 6 s; history cap 43.8 weeks/309 d; break >2,890 min/48.2 h",primary full text + open dataset/scripts,"Primary article, dataset, and analysis scripts are public.",High,DOI/title absent from packet indexes; treated as a follow-up to one sec but a distinct longitudinal dataset/method paper.,DOI: https://doi.org/10.1145/3613904.3642370
10.1073/pnas.2427311122,D/A,Smartphone Use in a Large US Adult Population: Temporal Associations Between Objective Measures of Usage and Mental Well-Being.,"Winbush, Ari; McDuff, Daniel; Hernandez, John; Barakat, Andrew; Jiang, Allen; Heneghan, Conor; Nelson, Benjamin W.; Allen, Nicholas B. “Smartphone Use in a Large US Adult Population: Temporal Associations Between Objective Measures of Usage and Mental Well-Being.” PNAS, 2025.",2025 peer-reviewed,Declared aggregate formula and completeness gate; event construction delegated.,≥48 complete h/week; average session length = category minutes / unlocks,primary full text,Open article; raw participant-level telemetry not public.,High,Exact DOI/title absent from supplied indexes.,DOI: https://doi.org/10.1073/pnas.2427311122
10.1145/3678579,D/A/F,"Pinning, Sorting, and Categorizing Notifications: A Mixed-Methods Usage and Experience Study of Mobile Notification-Management Features.","Lin, Yong-Han; Su, Li-Ting; Chen, Uei-Dar; Lee, Yi-Chi; Wang, Peng-Jui; Chang, Yung-Ju. “Pinning, Sorting, and Categorizing Notifications: A Mixed-Methods Usage and Experience Study of Mobile Notification-Management Features.” PACM IMWUT 8(3), 2024.",2024 peer-reviewed,"Declared notification relocation state, study-period selection, and diary cleaning; underlying Android replacement/removal semantics remain partial.","native display 5 s; 21-day study; 36,756 default-week records excluded; 38 “do not remember” diaries excluded",primary full text,Primary article available; no public raw corpus or complete app source verified.,High,Exact DOI/title absent from packet indexes.,DOI: https://doi.org/10.1145/3678579
10.1145/3532106.3533575,F/B/D,MindPhone: Mindful Reflection at Unlock Can Reduce Absentminded Smartphone Use.,"Terzimehić, Nađa; Haliburton, Luke; Greiner, Philipp; Schmidt, Albrecht; Hussmann, Heinrich; Mäkelä, Ville. “MindPhone: Mindful Reflection at Unlock Can Reduce Absentminded Smartphone Use.” DIS 2022.",2022 peer-reviewed,Declared intervention trigger/bypass/re-entry; outcome-construction delegated to platform dashboards.,trigger at unlock; no general session gap,primary full text,Primary article available; no open source/raw log verified.,High,Exact DOI/title absent from indexes.,DOI: https://doi.org/10.1145/3532106.3533575
