id	year	title	stable_id	group_or_platform	raw_observation_and_disclosed_construction	access_state	remaining_gap
P001	2013	Device Analyzer: Large-scale Mobile Data Collection	DeviceAnalyzer-SIGMETRICS-2013	Cambridge Device Analyzer	Android system/app/power/interaction records; discusses post-boot clock correction and upload reliability	open PDF located	Source/schema release and deployed versions
P002	2014	Device Analyzer: Understanding Smartphone Usage	DeviceAnalyzer-understanding-2014	Cambridge Device Analyzer	Open contributor telemetry to handset resource and interaction measures	open PDF located	Precise episode construction and release lineage
P003	2014	A Handset-centric View of Smartphone Application Use	10.1016/j.procs.2014.07.039	Cambridge Device Analyzer	10.9 billion records through preformatting, app-use sessions, and correlated-use analysis	open access	Full processing and code audit
P004	2016	Menthal: A Framework for Mobile Data Collection and Analysis	10.1145/2968219.2968332	Bonn/Ulm Menthal	Background Android logger to event database and server-side processing	publisher/PDF located	Event vocabulary, pairing, and source archive
P005	2016	Menthal: Quantifying Smartphone Usage	10.1145/2968219.2968321	Bonn/Ulm Menthal	App, screen, and communication logs to quantified-use score and visualization	PDF located	Distinguish framework versus empirical implementation
P006	2015	Recorded Behavior as a Valuable Resource for Diagnostics in Mobile Phone Addiction	10.3390/bs5040434	Bonn/Ulm Menthal	Calls, screen locks/unlocks, app duration, and timestamped events to daily summaries	open access	Exact collector release and event builder
P007	2016	Differentiating Smartphone Users by App Usage	Welke-Menthal-2016	Bonn Menthal	App-use logs to user/app feature profiles	publisher page	Primary full text and source
P008	2017	Smartphone Dependence Classification Using Tensor Factorization	10.1371/journal.pone.0177629	Korean Overdependence Management System	41,683 usage logs and six indicators to tensorized patterns	open access	Logger and event definitions
P009	2017	Comparing Self-report and Measured Smartphone Usage	10.4306/pi.2017.14.2.198	Korean psychiatry group	Bespoke logger duration/frequency to daily measured-use variables	open access	Collector source unavailable
P010	2014	Hooked on Smartphones	10.1145/2556288.2557366	KAIST SAMS	App launches, screen status, notifications, and context to usage sessions and overuse patterns	publisher page	Full text, source, and boundary semantics
P011	2018	Analysis of Behavioral Characteristics of Smartphone Addiction	10.3390/app8071191	Korean group	How Often Do You Use/logger aggregates to mined characteristics	open access	Separate OS aggregate from local event construction
P012	2013	Automatically Detecting Problematic Use	10.1145/2493432.2493443	CMU	App usage plus event-initiated/non-event sessions to session/app features and classifier	publisher/author record	Full text and code
P013	2014	ProactiveTasks: The Short of Mobile Device Use Sessions	ProactiveTasks-2014	CMU	Fine-grained mobile-session logs to short-session task patterns	full-text lead	Exact event model
P014	2014	Contextual Experience Sampling of Mobile Application Micro-Usage	10.1145/2628363.2628367	AWARE lineage	Foreground micro-use and context events to episodes at or below five seconds	full-text lead	Open/close and failure semantics
P015	2018	Cell Phone Usage and Academic Performance	10.1016/j.compedu.2017.10.006	Brazil; Moment/App Usage Tracker	Commercial daily screen-time output to daily averages	publisher page	Opaque upstream construction and app version
P016	2018	Depression and Emotion Regulation Predict Objective Smartphone Use	10.1016/j.paid.2017.04.051	US psychology; Moment	iOS commercial active-screen output to weekday/weekend means	publisher page	Opaque collector and version
P017	2018	Problematic Smartphone Use and Objectively Measured Use	10.1016/j.chb.2018.05.019	Estonia/US; Moment	Seven-day commercial screen-use aggregate to weekly objective use	publisher page	Opaque upstream construction
P018	2018	A Study of Magnitude and Psychological Correlates of Smartphone Use in Medical Students	10.4103/IJPSYM.IJPSYM_133_18	India; Callistics/App Usage Tracker/Instant	Calls, unlocks, and app durations to total/category use	open access	Separate three black-box instruments
P019	2018	Mobile Social Media Usage and Academic Performance	Giunchiglia-iLog-2018	University of Trento iLog	App and communication events to social-media-use metrics	publisher page	iLog source, schema, and version
P020	2019	Do Smartphone Usage Scales Predict Behavior?	10.1016/j.ijhcs.2019.05.004	Lancaster; Apple Screen Time	Pickups, notifications, and duration to behavioral totals	publisher page	Native aggregate and data-entry provenance
P021	2021	Smartphone Screen Time: Inaccuracy of Self-Reports and Associated Psychological and Attitudinal Outcomes	10.1016/j.chb.2020.106616	South African psychology	iOS Battery and Screen Time screenshots to 10-day and 7-day averages	publisher page	Screenshot extraction and closed Apple construction
P022	2021	Mobile Data Donations	10.1177/2050157920959106	Amsterdam communication group	iOS Screen Time screenshots to manually validated daily/app aggregates	open PDF	Full extraction and validation audit
P023	2023	A Novel iOS Data Donation Approach	10.1177/08944393211071068	Amsterdam	iOS Battery screen-recording video to OCR-derived hourly foreground/background app minutes	open PDF	Code and recognition-error audit
P024	2025	Beyond Screentime	10.1080/0144929X.2024.2350663	Amsterdam	Repeated iOS Battery videos to hourly app minutes with 30-minute sleep boundary	open PDF	Inherited OCR pipeline and boundary justification
P025	2022	Experience Sampling Self-Reports of Social Media Use Have Comparable Predictive Validity to Digital Trace Measures	10.1038/s41598-022-11510-3	Amsterdam/Radboud	Phone-collected social-media trace duration to daily and person-specific measures	open access	Tracker/version and trace derivation
P026	2025	What Is the Best Way of Collecting Data Donations?	10.1080/1369118X.2025.2570738	FORS/Swiss survey methods	iOS Screen Time/Android Wellbeing screenshots, videos, or recall to validated donations	open access	Manual validation and closed platform construction
P027	2019	How Much Do Parents Actually Use Their Smartphones?	10.1038/s41390-019-0452-2	Michigan; Minuku + Moment	UsageStatsManager queried every five seconds with screen and foreground state to daily use	open access	Minuku source and polling-loss behavior
P028	2022	Family Level Assessment of Screen Use Mobile development paper	PMC9636534	Baylor/Rice HealthSense	Android foreground/background UsageStatsManager events to family/child app-use measures	open access	Code/version and interval rules
P029	2021	Prediction of Problematic Smartphone Use	10.3390/ijerph18126458	Korean group	Mobile-phone log data to engineered prediction features	open access	Upstream logger semantics
P030	2021	Validation of Self-Reported Smartphone Usage	10.30773/pi.2020.0197	KAIST/Korean psychiatry	Android custom tracking; sessions shorter than one second excluded; daily/category durations	open PDF	Source/version and other failure policies
P031	2015	AWARE: Mobile Context Instrumentation Framework	10.3389/fict.2015.00006	CMU/Oulu AWARE	Configurable Android software/hardware sensors including app/screen events to local DB/server records	open access and code	Versioned app/session semantics
P032	2020	iOS Crowd-Sensing Won’t Hurt a Bit!	Nishiyama-AWARE-iOS-2020	Keio/Oulu AWARE iOS	iOS-permitted sensors and sustainable scheduling to AWARE records	full-text lead	Whether app/screen use is exposed or absent
P033	2021	Beiwe: A Data Collection Platform for High-Throughput Digital Phenotyping	10.21105/joss.03417	Harvard/Zagaran Beiwe	Android/iOS phone-state and sensor logs to encrypted raw files and uploads	open access/code/archive	Compare paper archive and Karas analysis version
P034	2016	New Tools for New Research in Psychiatry	PMC4873624	Harvard inaugural Beiwe	Passive phone logs, surveys, and audio to encrypted app/server pipeline	open access	Earlier-generation event schema and screen-use construction
P035	2023	Reintroducing EARS	PMC10173035	Oregon EARS	Background sensing and later event-based app usage to revised enrollment, persistence, and upload	open access	Separate generation from Lind and Wade; source version
P036	2011	Tales of 34 iPhone Users	10.48550/arXiv.1106.5100	Rice LiveLab	Programmable iPhone logger to launch timestamps, durations, web/app usage	open access	Raw-to-duration algorithm and code archive
P037	2015	Exploring Smartphone Addiction: Insights from Long-Term Telemetric Behavioral Measures	10.3991/ijim.v9i2.4300	Rice LiveLab	App-launch timestamps/durations to time-per-interaction and profiles	open PDF	Inherited LiveLab builder
P038	2012	Characterizing Web Use on Smartphones	Tossell-LiveLab-2012	Rice LiveLab	Longitudinal iPhone URL/app/location logs to revisitation/session patterns	open PDF	Construction details and code lineage
P039	2019	Using Smartphone Logging to Gain Insight About Phone Use in Traffic	10.1007/s10111-019-00547-6	Swedish VTI Apparat	App, SMS, call, audio, and screen start/end events to activity-specific episodes	open page	Exact pairing, ordering, and cleaning
P040	2023	Common Multi-Day Rhythms in Smartphone Behavior	10.1038/s41746-023-00799-7	QuantActions/TapCounter	Every touchscreen timestamp plus screen on/off to within-session intertouch intervals and KDE	open access	Session pairing, missingness, and code/version
