review_id	locator	citation	doi	provenance
R013	ref-21	21. Faurholt-Jepsen M, Busk J, Þórarinsdóttir H, Frost M, Bardram JE, Vinberg M, Kessing LV (2019) Objective smartphone data as a potential diagnostic marker of bipolar disorder. Australian & New Zealand Journal of Psychiatry 53(2):119–128		explicit included reference range stated in full text
R013	ref-22	22. Wang R, Wang W, Aung MSH, Ben-Zeev D, Brian R, Campbell AT, Choudhury T, Hauser M, Kane J, Scherer EA et al (2017) Predicting symptom trajectories of schizophrenia using mobile sensing. Proceedings of the ACM on Interactive, Mobile, Wearable and Ubiquitous Technologies 1(3):1–24		explicit included reference range stated in full text
R013	ref-23	23. Buck B, Scherer E, Brian R, Wang R, Wang W, Campbell A, Choudhury T, Hauser M, Kane JM, Ben-Zeev D (2019) Relationships between smartphone social behavior and relapse in schizophrenia: a preliminary report. Schizophr Res 208:167–172		explicit included reference range stated in full text
R013	ref-24	24. Wang R, Aung Min SH, Abdullah S, Brian R, Campbell AT, Choudhury T, Hauser M, Kane J, Merrill M, Scherer EA et al (2016) Crosscheck: toward passive sensing and detection of mental health changes in people with schizophrenia. In Proceedings of the 2016 ACM International Joint Conference on Pervasive and Ubiquitous Computing 435:886–897		explicit included reference range stated in full text
R013	ref-25	25. Wahle F, Kowatsch T, Fleisch E, Rufer M, Weidt S (2016) Mobile sensing and support for people with depression: a pilot trial in the wild. JMIR Mhealth Uhealth 4(3):e111		explicit included reference range stated in full text
R013	ref-26	26. Schuwerk T, Kaltefleiter LJ, Jiew-Quay A, Hoesl A, Stachl C (2019) Enter the wild: Autistic traits and their relationship to mentalizing and social interaction in everyday life. J Autism Dev Disord 49(10):4193–4208		explicit included reference range stated in full text
R013	ref-27	27. Eagle N, Sandy Pentland A (2006) Reality mining: sensing complex social systems. Pers Ubiquit Comput 10(4):255–268		explicit included reference range stated in full text
R013	ref-28	28. Farrahi K, Gatica-Perez D (2010) Probabilistic mining of socio-geographic routines from mobile phone data. IEEE Journal of Selected Topics in Signal Processing 4(4):746–755		explicit included reference range stated in full text
R013	ref-29	29. Oloritun RO, Madan A, Pentland A, Khayal I (2012) Evolution of social encounters in ad-hoc mobile face-to-face interaction networks. In 2012 International Conference on Social Informatics, IEEE, pp 192–198		explicit included reference range stated in full text
R013	ref-30	30. Zhiwen Yu, Zhou X, Zhang D, Schiele G, Becker C (2013) Understanding social relationship evolution by using real-world sensing data. World Wide Web 16(5–6):749–762		explicit included reference range stated in full text
R013	ref-31	31. Meurisch C, Hussain T, Gogel A, Schmidt B, Schweizer I, Mühlhäuser M (2015) A spatiotemporal approach for social situation recognition. In International Conference on Mobile Computing, Appli- cations, and Services, Springer, pp 309–316		explicit included reference range stated in full text
R013	ref-32	32. Steptoe A, Shankar A, Demakakos P, Wardle J (2013) Social isolation, loneliness, and all-cause mortality in older men and women. Proc Natl Acad Sci 110(15):5797–5801		explicit included reference range stated in full text
R013	ref-33	33. Kostopoulos P, Kyritsis AI, Deriaz M, Konstantas D (2017) Stress detection using smart phone data. In eHealth 360cir c . Springer, pp 340–351		explicit included reference range stated in full text
R013	ref-34	34. Tsapeli F, Musolesi M (2015) Investigating causality in human behavior from smartphone sensor data: a quasi-experimental approach. EPJ Data Science 4(1):24		explicit included reference range stated in full text
R013	ref-35	35. Madan A, Moturu ST, Lazer D, Sandy Pentland A (2010) Social sensing: obesity, unhealthy eating and exercise in face-to-face networks. In Wireless Health 2010, ACM, pp 104–110		explicit included reference range stated in full text
R013	ref-36	36. Madan A, Cebrian M, Lazer D, Pentland A (2010) Social sensing for epidemiological behavior change. In Proceedings of the 12th ACM international conference on Ubiquitous computing, pp 291–300		explicit included reference range stated in full text
R013	ref-37	37. Singh VK, Agarwal RR (2016) Cooperative phoneotypes: exploring phone-based behavioral markers of cooperation. In Proceedings of the 2016 ACM International Joint Conference on Pervasive and Ubiquitous Computing, ACM, pp 646–657		explicit included reference range stated in full text
R013	ref-38	38. Bati GF, Singh VK (2018) “trust us”: Mobile phone use patterns can predict individual trust propensity. In Proceedings of the 2018 CHI Conference on Human Factors in Computing Systems, ACM, pp 330		explicit included reference range stated in full text
R013	ref-39	39. Do Trinh MT, Gatica-Perez D (2011) Groupus: Smartphone proximity data and human interaction type mining. In 2011 15th Annual International Symposium on Wearable Computers, IEEE, pp 21–28		explicit included reference range stated in full text
R013	ref-40	40. Do TM, Gatica-Perez D (2013) Human interaction discovery in smartphone proximity networks. Pers Ubiquit Comput 17(3):413–431		explicit included reference range stated in full text
R013	ref-41	41. Guo B, Liang Y, Zhiwen Yu, Li M, Zhou X (2016) From mobile phone sensing to human geo-social behavior understanding. Comput Intell 32(2):240–258		explicit included reference range stated in full text
R013	ref-42	42. Chittaranjan G, Blom J, Gatica-Perez D (2011) Who’s who with big-five: Analyzing and classify- ing personality traits with smartphones. In 2011 15th Annual international symposium on wearable computers, IEEE, pp 29–36		explicit included reference range stated in full text
R013	ref-43	43. Chittaranjan G, Blom J, Gatica-Perez D (2013) Mining large-scale smartphone data for personality studies. Pers Ubiquit Comput 17(3):433–450		explicit included reference range stated in full text
R013	ref-44	44. Aharony N, Pan W, Ip C, Khayal I, Pentland A (2011) The social fmri: measuring, understanding, and designing social mechanisms in the real world. In Proceedings of the 13th international conference on Ubiquitous computing, ACM, pp 445–454		explicit included reference range stated in full text
R013	ref-45	45. Centellegher S, De Nadai M, Caraviello M, Leonardi C, Vescovi M, Ramadian Y, Oliver N, Pianesi F, Pentland A, Antonelli F et al (2016) The mobile territorial lab: a multilayered and dynamic view on parents’ daily lives. EPJ Data Science 5(1):3		explicit included reference range stated in full text
R013	ref-46	46. Moturu ST, Khayal I, Aharony N, Pan W, Pentland A (2011) Using social sensing to understand the links between sleep, mood, and sociability. In 2011 IEEE Third International Conference on Privacy, Security, Risk and Trust and 2011 IEEE Third International Conference on Social Computing, IEEE, pp 208–214		explicit included reference range stated in full text
R013	ref-47	47. Buck B, Hallgren KA, Scherer E, Brian R, Wang R, Wang W, Campbell A, Choudhury T, Hauser M, Kane JM et al (2019) Capturing behavioral indicators of persecutory ideation using mobile technology. J Psychiatr Res 116:112–117		explicit included reference range stated in full text
R013	ref-48	48. Bauer G, Lukowicz P (2012) Can smartphones detect stress-related changes in the behaviour of individuals? In 2012 IEEE International Conference on Pervasive Computing and Communications Workshops, IEEE, pp 423–426		explicit included reference range stated in full text
R013	ref-49	49. Wang R, Chen F, Chen Z, Li T, Harari G, Tignor S, Zhou X, Ben-Zeev D, Campbell AT (2014) Studentlife: assessing mental health, academic performance and behavioral trends of college students using smartphones. In Proceedings of the 2014 ACM international joint conference on pervasive and ubiquitous computing, ACM, pp 3–14		explicit included reference range stated in full text
R013	ref-50	50. Servia-Rodríguez S, Rachuri KK, Mascolo C, Rentfrow PJ, Lathia N, Sandstrom GM (2017) Mobile sensing at the service of mental well-being: a large-scale longitudinal study. In Proceedings of the 26th International Conference on World Wide Web, pp 103–112		explicit included reference range stated in full text
R013	ref-51	51. Wang H, Marsella S (2017) Assessing personality through objective behavioral sensing. In 2017 Seventh International Conference on Affective Computing and Intelligent Interaction (ACII), IEEE, pp 131–137		explicit included reference range stated in full text
R013	ref-52	52. Mønsted B, Mollgaard A, Mathiesen J (2018) Phone-based metric as a predictor for basic personality traits. J Res Pers 74:16–22		explicit included reference range stated in full text
R013	ref-53	53. Schoedel R, Pargent F, Au Q, Völkel ST, Schuwerk T, Bühner M, Stachl C (2020) To challenge the morning lark and the night owl: Using smartphone sensing data to investigate day–night behaviour patterns. European Journal of Personality		explicit included reference range stated in full text
R013	ref-54	54. Harari GM, Müller SR, Stachl C, Wang R, Wang W, Bühner M, Rentfrow PJ, Campbell AT, Gosling SD (2019) Sensing sociability: Individual differences in young adults’ conversation, calling, texting, and app use behaviors in daily life. Journal of personality and social psychology		explicit included reference range stated in full text
R013	ref-55	55. Kiukkonen N, Blom J, Dousse O, Gatica-Perez D, Laurila J (2010) Towards rich mobile phone datasets: Lausanne data collection campaign. Proc. ICPS, Berlin, 68		explicit included reference range stated in full text
R013	ref-56	56. DaSilva AW, Huckins JF, Wang R, Wang W, Wagner DD, Campbell AT (2019) Correlates of stress in the college environment uncovered by the application of penalized generalized estimating equations to mobile sensing data. JMIR Mhealth Uhealth 7(3):e12084		explicit included reference range stated in full text
R013	ref-57	57. Khwaja M, Vaid SS, Zannone S, Harari GM, Aldo Faisal A, Matic A (2019) Modeling personality vs. modeling personalidad: In-the-wild mobile data analysis in five countries suggests cultural impact on personality models. Proceedings of the ACM on Interactive, Mobile, Wearable and Ubiquitous Technologies 3(3):1–24		explicit included reference range stated in full text
R013	ref-58	58. Stachl C, Quay A, Schoedel R, Gosling SD, Harari GM, Buschek D, Völkel ST, Schuwerk T, Olde- meier M, Ullmann T et al (2020) Predicting personality from patterns of behavior collected with smartphones. Proc Natl Acad Sci 117(30):17680–17687		explicit included reference range stated in full text
R013	ref-59	59. Wang W, Harari GM, Wang R, Müller SR, Mirjafari S, Masaba K, Campbell AT (2018) Sensing behavioral change over time: Using within-person variability features from mobile sensing to pre- dict personality traits. Proceedings of the ACM on Interactive, Mobile, Wearable and Ubiquitous Technologies 2(3):1–21		explicit included reference range stated in full text
R013	ref-60	60. Stachl C, Au Q, Schoedel R, Buschek D, Völkel S, Schuwerk T, Oldemeier M, Ullmann T, Hussmann H, Bischl B, et al (2019) Behavioral patterns in smartphone usage predict big five personality traits		explicit included reference range stated in full text
R013	ref-61	61. LiKamWa R, Liu Y, Lane ND, Zhong L (2011) Can your smartphone infer your mood. In PhoneSense workshop, pp 1–5		explicit included reference range stated in full text
R013	ref-62	62. Gao S, Li W, Song LJ, Zhang X, Lin M, Lu S (2020) Personalitysensing: A multi-view multi-task learning approach for personality detection based on smartphone usage. In Proceedings of the 28th ACM International Conference on Multimedia, pp 2862–2870		explicit included reference range stated in full text
R013	ref-63	63. de Montjoye Y-A, Quoidbach J, Robic F, Sandy Pentland A (2013) Predicting personality using novel mobile phone-based metrics. In International conference on social computing, behavioral-cultural modeling, and prediction, Springer, pp 48–55		explicit included reference range stated in full text
R013	ref-64	64. Montag C, Błaszkiewicz K, Lachmann B, Andone I, Sariyska R, Trendafilov B, Reuter M, Markowetz A (2014) Correlating personality and actual phone usage. J Individ Differ 35(3):158		explicit included reference range stated in full text
R013	ref-65	65. Pulekar G, Agu E (2016) Autonomously sensing loneliness and its interactions with personality traits using smartphones. In 2016 IEEE Healthcare Innovation Point-Of-Care Technologies Conference (HI-POCT), IEEE, pp 134–137		explicit included reference range stated in full text
R013	ref-66	66. Fukazawa Y, Ito T, Okimura T, Yamashita Y, Maeda T, Ota J (2019) Predicting anxiety state using smartphone-based passive sensing. J Biomed Inform 93:103151		explicit included reference range stated in full text
R013	ref-67	67. Harari GM, Vaid SS, Müller SR, Stachl C, Marrero Z, Schoedel R, Bühner M, Gosling SD (2020) Personality sensing for theory development and assessment in the digital age. Eur J Pers 34(5):649– 669		explicit included reference range stated in full text
