id	year	title	stable_id	type	included_count	access_checked	scope_and_processing_value	unresolved_or_contradictory
R001	2023	Validated assessment tools for screen media use: A systematic review	10.1371/journal.pone.0283714	systematic review	29	full text; references; supplements	Nine mobile-specific studies; direct seed for Chronicle, EARS, Ethica, ActionDash, and native Screen Time validation	Search totals imply 28,241 records but 28,257 were screened
R002	2022/2023	A Systematic Survey on Android API Usage for Data-driven Analytics with Smartphones	10.1145/3530814	systematic technical survey	109 core + 30 update	full text; references	Android Accessibility Service and UsageStats API vocabularies, platforms, and app-usage studies	Excludes papers that do not name the APIs; rarely extracts event-to-episode algorithms
R003	2021	A systematic review and meta-analysis of discrepancies between logged and self-reported digital media use	10.1038/s41562-021-01117-5	systematic review and meta-analysis	47 papers; 54 studies; 106 comparisons	full text; references; protocol; data; code	Collector labels and objective/self-report comparisons	Upstream construction was outside extraction scope; released export has seven fewer records than PRISMA
R004	2020	Passive objective measures in the assessment of problematic smartphone use	10.1016/j.abrep.2020.100257	systematic review	18	full text; references	Eleven custom loggers and seven built-in or commercial trackers	Primary event construction still requires citation chasing
R005	2018	Systematic review of smartphone-based passive sensing for health and wellbeing	10.1016/j.jbi.2017.12.008	systematic review	35	full text; references	Early platforms, clinical sensing, device activity, and processing	Primary-study construction still requires citation chasing
R006	2019	Passive Sensing of Health Outcomes Through Smartphones	10.2196/12649	systematic review	118 or 119	full text; references	Broad smartphone-only sensing corpus including device/app usage and validation	Abstract says 118 studies while results/flow says 119
R007	2021	From screen time to the digital level of analysis	10.1136/bmjopen-2020-046367	scoping review	126 database + 14 grey sources; 162 tools	full text; references	Large measurement-tool and construct map	Mostly questionnaires/scales, not upstream logging construction
R008	2021	Measurement of screen time among young children aged 0–6 years	10.1111/obr.13260	systematic review	622	full text; references	Large historical measurement census and negative evidence on device-based measurement	Later synthesis says none used a device-based measure; verify against all primary records
R009	2007	Measurement of television viewing in children and adolescents	10.1111/j.1467-789X.2006.00295.x	systematic review	98	full text visible	Historical validation and observation-comparator lane	Only five direct-observation studies; not smartphone-specific
R010	2020	The Conceptual and Methodological Mayhem of Screen Time	10.3390/ijerph17103661	critical conceptual review	not bounded	full text; references	Separates duration, behavior, content, context, and affordances	No systematic included-study denominator
R011	2024	Measurement Method Options to Investigate Digital Screen Technology Use by Children and Adolescents	10.3390/children11070754	narrative methodological review	purposive selection from 30,312 deduplicated records	full text; references	Onboard logs, recording, remote traces, proximity, observation, and cameras	Not a systematic retained-paper census
R012	2024	The utility of behavioral biometrics in user authentication and demographic characteristic detection	10.1186/s13643-024-02451-1	scoping review	122	full text; references; supplements	Shared-device user identification via touch, movement, keystroke, and behavioral profiles	Connection to screen/app-use construction requires primary-paper audit
R013	2023	Passive social sensing with smartphones	10.1007/s00607-022-01112-2	systematic review	47	full text; references	Extracts OS, platform, storage, minimum-valid-day thresholds, and processing	Twelve studies reuse platforms; primary construction requires follow-up
R014	2022	Digital Phenotyping in Health Using Machine Learning Approaches	10.2196/39618	scoping review	46	full text; references; appendix	Extracts active/passive streams, device mode, analysis, and limitations	Narrow 2020–2022 search window
R015	2026	Smartphone-Based Digital Phenotyping Across Health Conditions	10.2196/84146	scoping review	65	full text; references	Reporting audit: 6/65 quantify stream missingness, 4/65 report sampling/duty cycle, 22/65 state OS	Narrative mentions about 3,700 search records while displayed screening begins at 111
R016	2025	Smartphone digital phenotyping in mental health disorders: raw sensors, ML pipelines, and behavioral features	10.1016/j.psychres.2025.116483	methodological review	112	abstract and indexed references	High-value preprocessing census	Full text and complete reference list still required
R017	2023	Using digital phenotyping to understand health-related outcomes	10.1016/j.ijmedinf.2023.105061	scoping review	40 inferred	publisher text and reference preview	Focuses on processing passive data into behavioral markers	Included count inferred from 22/40 mental-health subset; verify full review
R018	2024	Digital Phenotyping for Stress, Anxiety, and Mild Depression	10.2196/40689	systematic literature review	36 papers; 40 studies	abstract	Smartphone-only; includes phone use/checking and sleep	Full text and reference-list extraction required
R019	2024	Youth depression/anxiety smartphone-sensor review	10.1016/j.heliyon.2024.e35472	scoping review	35	full text indexed	Ages 12–25; includes device activity/electronic usage	Full review extraction required
R020	2024	Remote sensing mental health: factors essential to clinical translation	10.1177/20552076241260414	systematic review	50	full text; references; supplements	Validation and clinical-ground-truth lane	Primary construction requires citation chasing
R021	2025	Passive Sensing for Mental Health Monitoring Using Machine Learning With Wearables and Smartphones	10.2196/77066	scoping review	42	full text indexed	Explicit collection, preprocessing, feature engineering, missingness, and validation extraction	Full reference-list harvest required
R022	2024	Machine Learning for Multimodal Mental Health Detection	10.3390/s24020348	systematic review	184	full text; references	Broad preprocessing and feature-fusion source	Includes wearables/audio/video/social media beyond smartphone-use scope
R023	2019/2021	A systematic review of smartphone-based human activity recognition for health research	10.48550/arXiv.1910.03970	preprint version of R032	108 (same corpus as R032)	full preprint; references	Version/access record for acquisition, preprocessing, feature extraction, and classification census	Same intellectual work as published R032; do not count twice
R024	2021	Smartphone Sensing for the Well-Being of Young Adults	10.1109/ACCESS.2020.3045935	narrative or systematic-style survey	not verified	full text; 43 references	Seeds EmotionSense, StudentLife, and mobile-sensing systems	Review method and included count need verification
R025	2026	A scoping review of methods of measuring smartphone usage	10.1016/j.anpede.2026.504156	scoping review	89	publisher full text visible	Under-18 surveillance studies; only seven used validated instruments	Primary-device measurement subset requires extraction
R026	2026	Screen Use Measurement Tools: A Mapping of Instruments, Gaps, and Future Directions	10.1177/21522715261417288	rapid review and mapping	36 tools	abstract and publisher page	Classifies objective logs versus self/proxy report and validation	Full search and extraction appendices required
R027	2026	Digital Phenotyping for Problematic Technology Use: A Systematic Literature Review and Taxonomy	10.1007/s40429-026-00759-7	systematic review and taxonomy	not verified	publisher text	Direct topical fit	Full text, included count, and references required
R028	2021	Possibilities, Problems, and Perspectives of Data Collection by Mobile Apps in Longitudinal Epidemiological Studies	10.2196/17691	scoping review	17	full text; references	Useful scope boundary	Explicitly excludes passive GPS and phone-usage collection
R029	2024	Operationalizing the Use of Sensor Data in Mobile Crowdsensing	10.1007/978-3-031-54531-3_13	PRISMA-based systematic review	117	publisher text	Collection architecture, sensor use, timing, and processing-device decisions	Adjacent technical systems lane
R030	2021	Sensor-Based Continuous Authentication of Smartphones’ Users Using Behavioral Biometrics	10.1109/JIOT.2020.3020076	technical survey	more than 140	full-text reference signals	User-attribution lane complementary to R012	Exact retained set and direct relevance require extraction
R031	2020	Problematic Mobile Phone and Smartphone Use Scales: A Systematic Review	10.3389/fpsyg.2020.00672	systematic review	not checked yet	OpenAlex discovery	Measurement-instrument definitions and validation	Full text, included count, and objective-measure subset require audit
R032	2021	A systematic review of smartphone-based human activity recognition methods for health research	10.1038/s41746-021-00514-4	systematic review	108	full text; references; figures/matrix	Canonical published version; acquisition, preprocessing, feature extraction, sampling, and validation analogue	R023 is its preprint version; activity rather than app/screen use
R033	2024	From smartphone data to clinically relevant predictions: A systematic review of digital phenotyping methods in depression	10.1016/j.neubiorev.2024.105541	systematic review	not checked yet	OpenAlex discovery	Smartphone-data preprocessing and clinical prediction methods	Full text, supplements, and primary-study harvest required
R034	2017	Correlates of mobile screen media use among children aged 0–8: A systematic review	10.1136/bmjopen-2016-014585	systematic review	not checked yet	OpenAlex discovery	Screen-media measurement methods and child/family context	Likely dominated by self-report; objective subset and methods require audit
R035	2023	A Systematic Review of Mobile Phone Data in Crime Applications: A Coherent Taxonomy Based on Data Types and Analysis Perspectives	10.3390/s23094350	systematic review and taxonomy	not checked yet	OpenAlex discovery	Mobile data types, acquisition, processing, and forensic observability	Crime focus is adjacent; retain only transferable construction evidence
R036	2023	Smartphone-Based Passive Sensing in Monitoring Patients With Cancer: A Systematic Review	10.1200/CCI.23.00141	systematic review	not checked yet	OpenAlex discovery	Passive-sensing streams, adherence, processing, and missingness	Full search, extraction, and device-use subset require audit
R037	2024	Depressive symptom screening in elderly by passive sensing data of smartphones or smartwatches	10.1371/journal.pone.0304845	systematic review	not checked yet	OpenAlex discovery	Passive smartphone/wearable preprocessing and validation	Separate smartphone from wearable methods
R038	2020	Sensor data quality: A systematic review	10.1186/s40537-020-0285-1	systematic review	not checked yet	OpenAlex discovery	Missingness, accuracy, completeness, consistency, and preprocessing quality	Broad sensor scope; extract mobile-specific sources
R039	2023	Digital Phenotyping for Monitoring Mental Disorders: Systematic Review	10.2196/46778	systematic review	not checked yet	OpenAlex discovery	Smartphone sensing features, processing, and clinical monitoring	Full reference and reporting audit required
R040	2020	Systematic Review of Digital Phenotyping and Machine Learning in Psychosis Spectrum Illnesses	10.1097/HRP.0000000000000268	systematic review	not checked yet	OpenAlex discovery	Digital-phenotyping processing and machine-learning pipeline	Full text and phone-use stream subset require audit
R041	2021	Sensing Apps and Public Data Sets for Digital Phenotyping of Mental Health	10.2196/28735	systematic review	not checked yet	OpenAlex discovery	Apps, datasets, access, schemas, and reproducibility	Full artifact and citation harvest required
R042	2023	Use of Mobile Crowdsensing in Disaster Management	10.3390/s23031699	systematic review	not checked yet	OpenAlex discovery	Mobile crowdsensing acquisition and processing architecture	Adjacent domain; retain only transferable methods
R043	2024	Digital phenotypes and digital biomarkers for health and diseases	10.1007/s10462-024-11009-5	systematic review	not checked yet	OpenAlex discovery	Passive non-invasive smartphone/wearable signal pipelines	Separate phone, wearable, and downstream ML evidence
R044	2024	A systematic review on passive sensing for the prediction of suicidal thoughts and behaviors	10.1038/s44184-024-00089-4	systematic review	not checked yet	OpenAlex discovery	Passive sensing, missingness, feature construction, and prediction	Full extraction and device-use subset require audit
R045	2024	Mobile Crowdsensing in Ecological Momentary Assessment mHealth Studies	10.3390/s24020472	systematic review and analysis	not checked yet	OpenAlex discovery	Mobile crowdsensing collection, sampling, context, and ESM coupling	Full preprocessing and reporting audit required
R046	2025	Key Features of Digital Phenotyping for Monitoring Mental Disorders	10.2196/77331	systematic review	not checked yet	OpenAlex discovery	Feature definitions and sensor-to-marker processing	Full text and overlap with R039 require version/duplicate reconciliation
R047	2025	Using Digital Phenotyping to Discriminate Unipolar Depression and Bipolar Disorder	10.2196/72229	systematic review	not checked yet	OpenAlex discovery	Digital phenotype construction and diagnostic validation	Full primary-study and preprocessing audit required
R048	2020	Mobile Health Crowdsensing Intervention on Chronic Disease Awareness	10.2196/24589	systematic-review protocol	not applicable	OpenAlex discovery	Search-method precedent only	Protocol has no included-study findings; classify separately
R049	2022	Digital Phenotyping of Mental Health Using Multimodal Sensing of Multiple Situations of Interest	10.1016/j.jbi.2022.104278	systematic literature review	not checked yet	OpenAlex discovery	Multimodal sensing, preprocessing, feature construction, and contexts	Full text and mobile-use stream subset required
R050	2020	Digital Phenotyping of Big Five Personality via Facebook Data Mining	10.24989/dp.v1i1.1823	meta-analysis	not checked yet	OpenAlex discovery	Digital-phenotyping operationalization and synthesis	Social-platform rather than phone-event focus; determine transfer value
R051	2022	Digital Phenotyping for Differential Diagnosis of Major Depressive Episode	10.2196/37225	narrative review	not checked yet	OpenAlex discovery	Digital phenotype definitions and differential-diagnosis pipelines	Not systematic; full relevance audit required
R052	2024	Neuroscience Meets Behavior: MRI Combined With Real-World Digital Phenotyping	10.1002/hbm.26620	systematic literature review	not checked yet	OpenAlex discovery	Cross-modal preprocessing, temporal alignment, and feature construction	Adjacent neuroimaging lane; mobile-use relevance requires screening
