processAppUsage	processScreenUsage	eventRetentionSet	openerSet	episodeReconstructionStrategy	microUseClassificationPolicy	allowStopEventReuse	useActivityStoppedAsFallback	applyThresholdToFallback	longDurationThresholdHours	longDurationThresholdHoursExplicit	maximumDurationPolicy	maximumDurationDisposition	maximumDurationThresholdSource	maximumDurationThresholdNs	correctDuplicateEventTimestamps	deduplicateExactRows	dropOutOfSourceOrderEvents	selectedTimezone	timezoneHandling	dayBoundaryAttribution	useFilterFile	filterMatchField	applicationLabelExclusions	packageExclusionPreset	useAppsForcingScreenOpenFile	useBackgroundAppsFile	useAppCodebook	includeCategoryColumn	includeAppUsageEndReason	enableAggregates	aggregateShape	aggregateTopAppsLimit	enableParticipantAmountSummary	enableParquetExport	enableSpssExport	neutralizeSpreadsheetFormulas	minimumUsageDuration	minimumDurationComparator	minimumDurationDisposition	filterZeroDurationSessions	intervalQualityPolicy	sessionGroupingPolicy	sessionGapBasis	sessionBoundaryScope	emitSessionBreakLineage	customAppEngagementDuration	longUsageDurationThresholds	longDataTimeGapThresholds	screenSessionConstructionStrategy	screenSessionClassificationPolicy	screenSessionMaximumDurationMinutes	screenSessionMaximumDurationDisposition	lockedScreenAudioDisposition	screenUsageAutoLockTimeoutSeconds	screenUsageAutoLockToleranceSeconds	screenUsageManualLockMaxTailGapSeconds	screenUsageKeyguardNearStopSeconds	sameAppInteractionTypesToStopUsageAt	otherInteractionTypesToStopUsageAt	modelConcurrentUsage	applyMinimumUsageDurationToConcurrentSubintervals	interactionTypesToRemove	interactionTypeRemovalMode	interactionTypeRemap	proximityIntervalSeconds	addNoActivityPlaceholderDays	enableScreenGatedCrediting	screenGatingRule	creditedSessionCapMinutes	deviceLivenessGapToleranceMinutes	autoLockBridgeSeconds	bridgeScreenOffToSessionEnd	noWitnessMinDayApps	notificationProxyRule	polledEmulationMethod	polledEmulationIntervalSeconds	polledEmulationGapSeconds	intervalExpansionMethod	enableStudyWindowFilter	enablePersonAttribution	enableComplianceScoring	complianceThresholdPercent	enableDayCoverage
false	false	usagelogger5	strategydefined	fused	none	true	true	true	h1	true	chroniclerejection	notapplicable	legacyconfig	unset	false	true	false	none	primary_filter	splitmidnight	true	app_package_name	unknown_app	allsuppliedrows	true	true	false	false	false	false	long	all	false	true	true	false	s60	inclusivele	blankkeeprow	true	culverhouse	none	runningmaxstop	participantstudyperson	false	s0	empty	default	unlockofflock	phone_check_inclusive_15s	m60	truncate	exclude_from_phone_and_app_sessions	s120	s30	s0	s0	empty	default	true	true	usage_stat	unconditional	none	s0	false	true	livenessonly	m360	m0	s120	false	n2	interruptioncontact	ceritsamplecount	cadence5s	gap15s	none	false	false	false	p100	true
true	true	tothtrifonova	resumedonly	fused	okoshilt5s	false	false	false	h12	unset	postreconstrictmax	retainexclude	fixedparameter	ns12h	true	false	true	america_chicago	selected_filter	startday	false	application_label	none	systemscopeonly	false	false	true	true	true	true	wide	top5	true	false	false	true	s0	strictlt	retaincredit	false	none	ross15s	prevstop	participantonly	true	s300	default	empty	parrytothscreen	none	disabled	none	include	s0	s0	s30	s2	default	empty	false	false	none	gap_preserving	custom	s2	true	false	screenandliveness	m0	m120	s0	true	n0	none	none	cadence10s	gap120s	behapp_start_anchored_half_open_1s_v1	true	true	true	p0	false
false	false	none	gesisappstarts	schoedelprose	okoshilt5s	false	true	true	h12	true	postreconstrictmax	truncate	fixedparameter	ns1	false	true	false	america_new_york	selected_convert	startday	false	application_label	none	honorfilterflag	true	false	false	true	false	true	long	all	true	true	false	false	s0	inclusivele	droprow	false	none	none	prevstop	participantstudy	false	s300	default	default	zhuscreen	null_no_app_strict_gt15s_vs_app	m60	exclude_participant	include	s120	s30	s30	s2	empty	empty	true	false	usage_stat	gap_preserving	none	s60	true	true	strictvisualonly	m0	m0	s0	true	n2	seencontact	rosssampledgap	cadence60s	gap0s	none	false	true	true	p70	true
true	true	fgbgonly	gesisappstarts	schoedelprose	none	true	false	false	h1	unset	postreconstrictmax	droprow	fixedparameter	ns1h	true	false	true	america_new_york	selected_convert	splitmidnight	true	app_package_name	unknown_app	systemscopeonly	false	true	true	false	true	false	wide	top5	false	false	true	true	s60	strictlt	retainexclude	true	culverhouse	smartphonewellbeinglt5s	runningmaxstop	participantstudy	true	s0	empty	empty	unlocklock	null_no_app_strict_gt15s_vs_app	disabled	none	exclude_from_phone_and_app_sessions	s0	s0	s0	s0	default	default	false	true	none	unconditional	custom	s60	false	false	screenonly	m360	m120	s120	false	n0	anynotificationcontact	rosssampledgap	cadence60s	gap0s	behapp_start_anchored_half_open_1s_v1	true	false	false	p70	false
false	true	none	strategydefined	forward	okoshilt5s	true	false	true	h12	unset	postreconstrictmax	flagretain	fixedparameter	ns1	true	false	false	none	primary_convert	splitmidnight	true	app_package_name	none	allsuppliedrows	false	false	true	false	true	true	wide	top5	false	true	false	true	s60	inclusivele	droprow	true	none	pengzhumedian	prevstop	participantstudyperson	true	s300	default	empty	chroniclescreenv1	phone_check_inclusive_15s	disabled	none	include	s0	s0	s30	s2	empty	default	false	true	usage_stat	gap_preserving	none	s0	true	false	livenessonly	m0	m120	s0	false	n0	interruptioncontact	ceritsamplecount	cadence5s	gap15s	behapp_start_anchored_half_open_1s_v1	true	true	true	p100	false
true	true	parrytoth7	resumedonly	eyes	none	false	true	false	h1	true	postreconstrictmax	droprow	fixedparameter	ns1h	false	true	true	america_chicago	selected_filter	splitmidnight	false	application_label	unknown_app	honorfilterflag	true	true	false	true	true	false	long	all	true	false	true	false	s0	strictlt	blankkeeprow	false	culverhouse	zerrer60s	runningmaxstop	participantonly	false	s0	empty	default	parrytothscreen	none	m60	exclude_participant	exclude_from_phone_and_app_sessions	s120	s30	s0	s2	default	empty	true	false	none	unconditional	custom	s2	false	true	strictvisualonly	m360	m0	s120	true	n2	anynotificationcontact	none	cadence10s	gap120s	none	false	false	false	p0	true
true	false	tothtrifonova	strategydefined	gesis	none	false	false	true	h12	true	postreconstrictmax	truncate	fixedparameter	ns12h	false	true	false	america_chicago	selected_filter	startday	true	application_label	unknown_app	systemscopeonly	true	true	true	false	false	true	long	top5	true	false	true	false	s60	strictlt	retaincredit	true	culverhouse	pengzhumedian	prevstop	participantonly	false	s0	default	empty	zhuscreen	phone_check_inclusive_15s	disabled	none	exclude_from_phone_and_app_sessions	s120	s0	s30	s0	default	default	true	true	none	unconditional	none	s0	false	false	screenonly	m360	m0	s0	false	n0	seencontact	none	cadence5s	gap120s	behapp_start_anchored_half_open_1s_v1	true	false	false	p100	true
false	false	fgbgonly	resumedonly	gesis	okoshilt5s	true	true	false	h1	unset	unset	unset	unset	unset	true	false	true	none	primary_convert	startday	false	application_label	none	allsuppliedrows	true	false	false	true	false	false	wide	all	false	false	false	true	s0	inclusivele	retainexclude	false	none	smartphonewellbeinglt5s	runningmaxstop	participantstudyperson	true	s300	empty	default	unlocklock	none	m60	truncate	exclude_from_phone_and_app_sessions	s0	s30	s0	s0	empty	empty	false	false	usage_stat	gap_preserving	custom	s2	true	true	screenonly	m0	m120	s120	true	n2	none	ceritsamplecount	cadence10s	gap15s	none	false	true	true	p0	true
true	false	usagelogger5	resumedonly	forward	none	false	false	false	h12	unset	postreconstrictmax	flagretain	fixedparameter	ns1h	false	true	false	none	primary_filter	startday	false	application_label	unknown_app	honorfilterflag	false	true	false	false	false	true	wide	top5	true	true	false	false	s0	strictlt	blankkeeprow	true	none	zerrer60s	prevstop	participantstudy	false	s0	default	default	unlocklock	phone_check_inclusive_15s	disabled	none	include	s120	s30	s0	s0	default	empty	false	false	none	gap_preserving	custom	s0	true	true	screenandliveness	m0	m120	s120	true	n0	none	rosssampledgap	cadence5s	gap0s	behapp_start_anchored_half_open_1s_v1	false	false	true	p100	false
false	false	parrytoth7	strategydefined	eyes	okoshilt5s	true	true	true	h12	true	postreconstrictmax	retainexclude	fixedparameter	ns12h	true	false	true	america_new_york	selected_filter	splitmidnight	true	app_package_name	none	honorfilterflag	false	true	true	false	false	false	long	all	false	true	true	true	s60	inclusivele	retaincredit	false	culverhouse	ross15s	runningmaxstop	participantstudyperson	true	s300	empty	empty	unlockofflock	null_no_app_strict_gt15s_vs_app	m60	exclude_participant	include	s0	s0	s30	s0	empty	default	true	true	usage_stat	unconditional	none	s2	true	false	screenandliveness	m360	m0	s0	false	n2	anynotificationcontact	ceritsamplecount	cadence60s	gap15s	none	true	true	false	p70	false
true	true	usagelogger5	gesisappstarts	eyes	okoshilt5s	false	false	true	h1	true	unset	unset	unset	unset	false	false	false	america_chicago	selected_convert	splitmidnight	true	app_package_name	unknown_app	systemscopeonly	false	false	true	true	true	true	wide	top5	true	true	true	true	s60	inclusivele	blankkeeprow	true	culverhouse	zerrer60s	prevstop	participantstudyperson	true	s300	default	empty	zhuscreen	none	disabled	none	include	s0	s0	s30	s2	default	default	false	true	none	gap_preserving	none	s60	false	false	strictvisualonly	m360	m120	s0	false	n0	seencontact	ceritsamplecount	cadence10s	gap120s	behapp_start_anchored_half_open_1s_v1	true	false	true	p0	false
true	false	parrytoth7	gesisappstarts	forward	none	false	true	false	h1	unset	postreconstrictmax	retainexclude	fixedparameter	ns1	false	true	true	america_chicago	selected_filter	startday	false	app_package_name	unknown_app	allsuppliedrows	true	false	false	true	true	true	long	top5	true	true	false	false	s0	strictlt	droprow	true	culverhouse	smartphonewellbeinglt5s	runningmaxstop	participantonly	false	s0	empty	default	chroniclescreenv1	null_no_app_strict_gt15s_vs_app	m60	truncate	exclude_from_phone_and_app_sessions	s120	s0	s0	s0	default	empty	true	false	usage_stat	unconditional	custom	s0	false	false	livenessonly	m360	m0	s120	true	n2	interruptioncontact	none	cadence60s	gap120s	behapp_start_anchored_half_open_1s_v1	false	false	false	p70	true
false	true	tothtrifonova	resumedonly	forward	none	true	false	false	h1	unset	postreconstrictmax	truncate	fixedparameter	ns1h	true	true	true	america_chicago	selected_convert	splitmidnight	true	application_label	none	systemscopeonly	false	false	false	true	true	false	wide	all	false	false	false	true	s0	strictlt	droprow	false	none	none	runningmaxstop	participantonly	true	s0	default	empty	unlockofflock	none	disabled	none	include	s0	s30	s0	s2	empty	default	false	true	none	unconditional	none	s60	false	true	livenessonly	m0	m120	s120	true	n0	seencontact	none	cadence10s	gap15s	none	true	true	false	p100	false
false	true	fgbgonly	strategydefined	gesis	okoshilt5s	false	false	true	h12	true	postreconstrictmax	droprow	fixedparameter	ns1h	false	true	false	america_new_york	selected_convert	startday	false	app_package_name	none	allsuppliedrows	true	false	false	false	false	true	long	top5	true	true	false	false	s60	inclusivele	retainexclude	true	none	ross15s	prevstop	participantstudy	false	s0	default	empty	parrytothscreen	phone_check_inclusive_15s	m60	truncate	include	s120	s30	s30	s2	empty	default	true	false	usage_stat	unconditional	none	s0	false	true	strictvisualonly	m0	m0	s0	true	n2	none	rosssampledgap	cadence5s	gap120s	none	false	false	true	p0	false
true	true	tothtrifonova	gesisappstarts	eyes	none	false	true	false	h1	unset	postreconstrictmax	flagretain	fixedparameter	ns1	true	false	true	none	primary_filter	startday	false	app_package_name	none	systemscopeonly	true	true	true	true	true	false	long	all	false	false	true	false	s0	inclusivele	retainexclude	false	none	pengzhumedian	runningmaxstop	participantonly	false	s300	empty	default	chroniclescreenv1	none	m60	exclude_participant	exclude_from_phone_and_app_sessions	s0	s30	s0	s2	empty	empty	false	false	none	unconditional	custom	s2	false	true	strictvisualonly	m360	m0	s0	false	n2	interruptioncontact	rosssampledgap	cadence10s	gap0s	none	false	true	false	p0	true
true	true	parrytoth7	strategydefined	gesis	none	true	false	false	h12	true	unset	unset	unset	unset	true	true	false	america_new_york	selected_filter	splitmidnight	true	application_label	none	honorfilterflag	false	true	true	false	true	true	long	top5	true	false	true	false	s0	strictlt	droprow	false	none	none	prevstop	participantstudy	false	s0	default	default	unlockofflock	phone_check_inclusive_15s	m60	exclude_participant	exclude_from_phone_and_app_sessions	s120	s0	s30	s0	default	empty	true	false	none	gap_preserving	custom	s60	false	false	screenandliveness	m0	m0	s120	false	n0	anynotificationcontact	rosssampledgap	cadence5s	gap0s	behapp_start_anchored_half_open_1s_v1	true	false	false	p70	true
true	true	none	gesisappstarts	gesis	none	false	true	false	h1	true	postreconstrictmax	retainexclude	fixedparameter	ns12h	true	false	true	none	primary_convert	startday	false	application_label	unknown_app	systemscopeonly	false	true	false	true	true	false	wide	top5	false	false	true	true	s0	strictlt	retaincredit	false	culverhouse	ross15s	prevstop	participantstudy	false	s0	empty	default	zhuscreen	null_no_app_strict_gt15s_vs_app	disabled	none	exclude_from_phone_and_app_sessions	s120	s30	s0	s0	default	empty	true	true	none	unconditional	custom	s60	false	true	screenandliveness	m360	m0	s120	false	n0	none	rosssampledgap	cadence60s	gap0s	none	false	false	false	p100	true
true	false	usagelogger5	resumedonly	schoedelprose	okoshilt5s	false	false	true	h12	true	postreconstrictmax	droprow	fixedparameter	ns12h	true	false	true	america_new_york	selected_convert	startday	false	application_label	none	allsuppliedrows	false	false	true	true	true	true	wide	top5	true	false	false	true	s60	strictlt	retaincredit	false	none	none	runningmaxstop	participantstudy	true	s300	default	empty	chroniclescreenv1	none	disabled	none	exclude_from_phone_and_app_sessions	s120	s0	s30	s2	default	empty	true	false	none	gap_preserving	custom	s2	true	true	livenessonly	m0	m120	s0	false	n2	interruptioncontact	none	cadence5s	gap15s	none	true	true	true	p100	false
false	true	parrytoth7	strategydefined	fused	okoshilt5s	true	false	false	h12	true	postreconstrictmax	truncate	fixedparameter	ns1	true	false	true	none	primary_filter	startday	false	app_package_name	none	allsuppliedrows	false	false	true	true	true	true	wide	top5	false	true	false	true	s0	strictlt	retainexclude	false	none	zerrer60s	runningmaxstop	participantstudyperson	true	s300	empty	empty	parrytothscreen	null_no_app_strict_gt15s_vs_app	disabled	none	include	s0	s0	s30	s2	empty	empty	false	true	usage_stat	gap_preserving	custom	s60	false	false	screenonly	m0	m120	s0	false	n0	anynotificationcontact	none	cadence60s	gap120s	behapp_start_anchored_half_open_1s_v1	true	true	true	p70	false
true	true	fgbgonly	resumedonly	schoedelprose	okoshilt5s	false	false	false	h12	unset	strategynative	notapplicable	strategynative	unset	true	false	true	america_chicago	selected_filter	startday	false	application_label	none	honorfilterflag	false	false	true	true	true	true	wide	top5	true	false	false	true	s0	strictlt	blankkeeprow	false	none	pengzhumedian	prevstop	participantonly	true	s300	default	empty	unlocklock	null_no_app_strict_gt15s_vs_app	disabled	none	include	s0	s0	s30	s2	default	empty	false	false	none	gap_preserving	custom	s0	true	false	screenandliveness	m0	m120	s0	true	n0	seencontact	none	cadence60s	gap0s	behapp_start_anchored_half_open_1s_v1	true	true	true	p70	false
false	false	tothtrifonova	resumedonly	forward	none	true	true	true	h1	true	unset	unset	unset	unset	false	true	true	america_new_york	selected_filter	startday	true	app_package_name	unknown_app	honorfilterflag	true	true	true	false	false	true	long	all	true	true	true	false	s0	inclusivele	retainexclude	true	culverhouse	ross15s	runningmaxstop	participantonly	true	s300	default	empty	parrytothscreen	null_no_app_strict_gt15s_vs_app	disabled	none	include	s0	s30	s30	s0	default	empty	false	true	usage_stat	unconditional	none	s0	true	false	livenessonly	m0	m120	s120	false	n0	interruptioncontact	none	cadence60s	gap0s	behapp_start_anchored_half_open_1s_v1	true	true	true	p100	true
false	false	fgbgonly	gesisappstarts	eyes	okoshilt5s	true	false	true	h1	true	postreconstrictmax	flagretain	fixedparameter	ns12h	false	true	true	america_chicago	selected_convert	startday	false	application_label	unknown_app	allsuppliedrows	true	true	true	false	false	false	long	top5	true	true	false	false	s0	strictlt	retaincredit	true	culverhouse	none	runningmaxstop	participantstudy	true	s0	empty	empty	unlocklock	phone_check_inclusive_15s	m60	truncate	exclude_from_phone_and_app_sessions	s0	s30	s30	s0	empty	default	true	false	none	unconditional	none	s0	false	false	strictvisualonly	m0	m120	s120	true	n0	none	ceritsamplecount	cadence10s	gap0s	behapp_start_anchored_half_open_1s_v1	true	true	true	p70	true
false	false	usagelogger5	strategydefined	schoedelprose	okoshilt5s	true	true	true	h12	true	postreconstrictmax	retainexclude	fixedparameter	ns1h	false	true	false	none	primary_convert	startday	true	app_package_name	none	allsuppliedrows	true	false	false	true	false	true	long	top5	true	true	false	false	s0	strictlt	retainexclude	true	culverhouse	smartphonewellbeinglt5s	prevstop	participantonly	false	s300	empty	default	unlockofflock	phone_check_inclusive_15s	m60	exclude_participant	include	s0	s0	s30	s2	empty	default	false	false	usage_stat	gap_preserving	none	s2	true	false	screenandliveness	m360	m120	s0	false	n2	seencontact	ceritsamplecount	cadence10s	gap120s	behapp_start_anchored_half_open_1s_v1	true	false	true	p70	false
false	true	none	gesisappstarts	fused	okoshilt5s	true	true	true	h12	true	strategynative	notapplicable	strategynative	unset	false	true	false	america_new_york	selected_convert	splitmidnight	true	application_label	none	honorfilterflag	false	false	true	false	false	false	wide	top5	false	true	true	true	s0	strictlt	retaincredit	true	culverhouse	smartphonewellbeinglt5s	runningmaxstop	participantstudy	false	s0	empty	default	zhuscreen	none	m60	exclude_participant	exclude_from_phone_and_app_sessions	s120	s30	s0	s0	empty	default	true	true	usage_stat	unconditional	none	s2	false	true	screenonly	m360	m0	s120	false	n2	none	rosssampledgap	cadence10s	gap15s	none	false	false	false	p0	true
true	true	parrytoth7	gesisappstarts	schoedelprose	none	false	false	false	h12	unset	postreconstrictmax	flagretain	fixedparameter	ns1	true	false	false	america_new_york	selected_convert	startday	false	app_package_name	none	systemscopeonly	false	true	false	true	true	true	long	top5	true	false	false	false	s0	inclusivele	droprow	false	none	ross15s	runningmaxstop	participantstudyperson	true	s0	empty	default	unlockofflock	null_no_app_strict_gt15s_vs_app	m60	truncate	include	s0	s30	s30	s2	empty	default	false	false	usage_stat	unconditional	custom	s60	true	true	screenonly	m0	m0	s0	true	n2	none	none	cadence60s	gap120s	none	true	false	false	p0	false
true	true	tothtrifonova	gesisappstarts	gesis	okoshilt5s	false	false	false	h12	unset	postreconstrictmax	flagretain	fixedparameter	ns1	false	false	true	america_new_york	selected_filter	startday	false	app_package_name	unknown_app	honorfilterflag	false	true	false	true	true	true	wide	all	true	false	false	true	s0	inclusivele	blankkeeprow	false	none	smartphonewellbeinglt5s	prevstop	participantstudyperson	true	s300	default	default	parrytothscreen	null_no_app_strict_gt15s_vs_app	m60	exclude_participant	include	s0	s30	s30	s2	empty	empty	true	true	usage_stat	unconditional	none	s0	false	false	livenessonly	m0	m0	s120	true	n2	anynotificationcontact	ceritsamplecount	cadence5s	gap15s	none	false	false	true	p100	false
true	true	none	resumedonly	eyes	okoshilt5s	false	false	false	h12	unset	strategynative	notapplicable	strategynative	unset	true	true	false	none	primary_convert	startday	false	app_package_name	unknown_app	systemscopeonly	true	false	false	true	true	true	wide	top5	true	false	false	true	s0	strictlt	droprow	false	none	zerrer60s	runningmaxstop	participantstudyperson	false	s300	default	empty	parrytothscreen	phone_check_inclusive_15s	m60	truncate	exclude_from_phone_and_app_sessions	s0	s30	s0	s0	default	default	true	false	none	gap_preserving	custom	s60	true	false	strictvisualonly	m0	m0	s120	true	n0	anynotificationcontact	ceritsamplecount	cadence5s	gap120s	behapp_start_anchored_half_open_1s_v1	false	false	false	p100	true
true	false	fgbgonly	resumedonly	forward	okoshilt5s	false	false	false	h1	unset	strategynative	notapplicable	strategynative	unset	true	true	false	america_chicago	selected_convert	startday	false	application_label	none	allsuppliedrows	false	true	true	true	true	true	long	top5	true	false	false	false	s0	inclusivele	retainexclude	false	none	none	runningmaxstop	participantstudyperson	true	s300	default	empty	zhuscreen	none	m60	exclude_participant	include	s0	s0	s30	s0	empty	default	true	false	none	gap_preserving	custom	s2	true	true	livenessonly	m360	m0	s120	false	n2	interruptioncontact	rosssampledgap	cadence60s	gap120s	behapp_start_anchored_half_open_1s_v1	false	true	true	p0	true
true	true	none	strategydefined	fused	none	false	false	false	h12	unset	unset	unset	unset	unset	true	false	false	america_chicago	selected_filter	splitmidnight	false	application_label	none	honorfilterflag	false	false	true	true	true	true	wide	all	true	false	false	true	s60	strictlt	retaincredit	false	none	pengzhumedian	prevstop	participantonly	false	s0	default	default	chroniclescreenv1	none	disabled	none	exclude_from_phone_and_app_sessions	s0	s30	s30	s0	default	empty	true	false	none	unconditional	none	s60	false	false	strictvisualonly	m360	m0	s120	false	n2	seencontact	none	cadence10s	gap0s	none	true	false	true	p70	true
true	true	tothtrifonova	strategydefined	fused	okoshilt5s	false	false	false	h12	unset	chroniclerejection	notapplicable	legacyconfig	unset	true	false	true	america_new_york	selected_convert	startday	false	application_label	none	allsuppliedrows	false	false	true	true	true	true	wide	top5	true	false	false	true	s60	strictlt	droprow	false	none	pengzhumedian	prevstop	participantstudy	true	s300	default	empty	unlocklock	null_no_app_strict_gt15s_vs_app	disabled	none	include	s0	s0	s30	s2	default	empty	false	false	none	gap_preserving	custom	s2	true	false	screenandliveness	m0	m120	s0	true	n0	anynotificationcontact	rosssampledgap	cadence10s	gap120s	behapp_start_anchored_half_open_1s_v1	true	true	true	p70	false
true	true	usagelogger5	resumedonly	gesis	none	true	true	true	h1	true	strategynative	notapplicable	strategynative	unset	false	false	false	america_chicago	selected_filter	splitmidnight	false	application_label	none	honorfilterflag	true	true	true	false	true	true	long	all	true	false	true	true	s0	strictlt	blankkeeprow	true	culverhouse	none	prevstop	participantstudyperson	false	s300	default	empty	parrytothscreen	phone_check_inclusive_15s	disabled	none	exclude_from_phone_and_app_sessions	s120	s0	s0	s2	empty	default	false	false	none	unconditional	custom	s0	true	true	screenonly	m0	m0	s120	true	n2	interruptioncontact	none	cadence60s	gap0s	behapp_start_anchored_half_open_1s_v1	false	true	false	p70	true
true	false	none	resumedonly	schoedelprose	okoshilt5s	false	false	false	h1	unset	postreconstrictmax	retainexclude	fixedparameter	ns1	false	true	false	america_new_york	selected_convert	splitmidnight	true	app_package_name	unknown_app	honorfilterflag	false	false	false	false	false	true	wide	top5	false	true	true	true	s0	inclusivele	blankkeeprow	false	none	zerrer60s	runningmaxstop	participantonly	false	s300	default	default	unlocklock	none	disabled	none	include	s120	s0	s30	s2	default	default	false	true	none	unconditional	custom	s0	true	false	screenandliveness	m360	m0	s0	true	n0	interruptioncontact	rosssampledgap	cadence5s	gap15s	none	true	true	true	p0	false
false	true	none	strategydefined	forward	okoshilt5s	true	false	true	h12	true	postreconstrictmax	droprow	fixedparameter	ns12h	true	false	true	none	primary_filter	startday	false	app_package_name	unknown_app	honorfilterflag	true	false	false	true	false	false	long	top5	false	true	true	false	s0	strictlt	retainexclude	true	culverhouse	smartphonewellbeinglt5s	prevstop	participantstudyperson	true	s300	default	empty	unlockofflock	phone_check_inclusive_15s	m60	truncate	exclude_from_phone_and_app_sessions	s120	s30	s30	s0	empty	default	false	false	none	gap_preserving	custom	s60	true	false	strictvisualonly	m0	m0	s0	false	n2	seencontact	ceritsamplecount	cadence60s	gap15s	none	false	false	true	p0	false
false	false	parrytoth7	resumedonly	schoedelprose	none	false	true	true	h12	true	strategynative	notapplicable	strategynative	unset	true	true	false	none	primary_filter	splitmidnight	false	app_package_name	unknown_app	honorfilterflag	false	false	false	true	false	false	wide	top5	true	true	false	false	s60	inclusivele	retaincredit	true	culverhouse	pengzhumedian	runningmaxstop	participantstudy	false	s300	empty	default	parrytothscreen	null_no_app_strict_gt15s_vs_app	disabled	none	exclude_from_phone_and_app_sessions	s120	s0	s0	s0	default	empty	true	false	none	unconditional	custom	s60	true	true	screenandliveness	m0	m0	s120	true	n2	seencontact	ceritsamplecount	cadence60s	gap15s	none	false	true	false	p100	false
false	false	usagelogger5	strategydefined	fused	okoshilt5s	false	false	false	h1	unset	chroniclerejection	notapplicable	legacyconfig	unset	true	false	false	america_chicago	selected_filter	startday	true	app_package_name	none	honorfilterflag	true	false	true	false	false	true	long	all	true	false	false	false	s0	strictlt	blankkeeprow	false	none	ross15s	prevstop	participantonly	true	s300	default	empty	chroniclescreenv1	none	m60	exclude_participant	include	s120	s30	s30	s0	empty	default	false	false	none	gap_preserving	none	s60	false	false	screenonly	m360	m0	s0	true	n0	seencontact	none	cadence60s	gap0s	none	true	true	true	p0	true
false	false	fgbgonly	resumedonly	forward	okoshilt5s	true	true	true	h1	unset	postreconstrictmax	retainexclude	fixedparameter	ns1h	false	false	true	america_chicago	selected_filter	startday	false	app_package_name	unknown_app	systemscopeonly	true	true	true	false	true	false	wide	all	true	true	false	true	s60	strictlt	retaincredit	true	culverhouse	pengzhumedian	runningmaxstop	participantstudyperson	false	s300	empty	empty	chroniclescreenv1	none	m60	truncate	include	s0	s0	s0	s0	default	default	true	true	usage_stat	gap_preserving	custom	s60	true	true	screenonly	m360	m0	s0	false	n0	interruptioncontact	rosssampledgap	cadence10s	gap120s	none	false	true	false	p100	false
false	false	fgbgonly	resumedonly	gesis	okoshilt5s	false	true	true	h12	unset	postreconstrictmax	retainexclude	fixedparameter	ns12h	true	true	true	none	primary_filter	startday	false	app_package_name	none	systemscopeonly	true	false	true	false	false	true	wide	top5	false	true	true	true	s60	inclusivele	droprow	false	culverhouse	zerrer60s	runningmaxstop	participantonly	true	s300	empty	default	chroniclescreenv1	null_no_app_strict_gt15s_vs_app	disabled	none	exclude_from_phone_and_app_sessions	s120	s0	s0	s0	empty	empty	false	true	none	unconditional	custom	s2	false	false	strictvisualonly	m0	m120	s120	true	n0	anynotificationcontact	ceritsamplecount	cadence5s	gap15s	behapp_start_anchored_half_open_1s_v1	true	true	true	p0	true
true	false	fgbgonly	resumedonly	eyes	okoshilt5s	false	false	true	h12	true	postreconstrictmax	truncate	fixedparameter	ns12h	false	true	false	none	primary_convert	splitmidnight	true	app_package_name	none	systemscopeonly	true	false	false	false	true	false	long	all	true	true	true	true	s0	strictlt	blankkeeprow	false	culverhouse	ross15s	runningmaxstop	participantstudy	false	s0	empty	empty	unlocklock	none	m60	truncate	exclude_from_phone_and_app_sessions	s0	s30	s0	s0	empty	empty	false	true	usage_stat	gap_preserving	custom	s2	true	true	livenessonly	m0	m120	s0	false	n0	none	ceritsamplecount	cadence5s	gap120s	behapp_start_anchored_half_open_1s_v1	false	true	true	p0	false
false	true	parrytoth7	gesisappstarts	fused	okoshilt5s	true	false	false	h1	true	chroniclerejection	notapplicable	legacyconfig	unset	true	false	true	america_chicago	selected_convert	splitmidnight	false	application_label	unknown_app	systemscopeonly	false	true	true	true	false	true	long	top5	true	true	false	true	s60	inclusivele	retaincredit	false	none	zerrer60s	prevstop	participantstudy	false	s300	empty	default	zhuscreen	phone_check_inclusive_15s	m60	truncate	exclude_from_phone_and_app_sessions	s0	s30	s0	s0	default	default	false	true	none	gap_preserving	custom	s0	false	false	strictvisualonly	m360	m120	s120	false	n2	none	ceritsamplecount	cadence60s	gap0s	behapp_start_anchored_half_open_1s_v1	true	true	false	p100	true
false	true	fgbgonly	resumedonly	fused	okoshilt5s	true	false	true	h1	true	postreconstrictmax	flagretain	fixedparameter	ns1h	false	true	true	america_new_york	selected_convert	startday	true	app_package_name	none	honorfilterflag	true	true	false	false	false	false	long	top5	false	true	false	true	s60	strictlt	retainexclude	true	none	pengzhumedian	runningmaxstop	participantstudy	false	s300	default	empty	chroniclescreenv1	null_no_app_strict_gt15s_vs_app	m60	truncate	include	s0	s0	s30	s2	empty	default	true	true	usage_stat	unconditional	none	s2	true	true	screenandliveness	m360	m120	s120	false	n2	none	none	cadence60s	gap0s	none	false	false	true	p70	false
true	true	none	resumedonly	fused	none	true	false	false	h12	unset	chroniclerejection	notapplicable	legacyconfig	unset	false	false	true	america_new_york	selected_convert	startday	false	app_package_name	unknown_app	honorfilterflag	false	false	false	true	false	true	long	all	true	false	true	false	s60	inclusivele	retainexclude	false	culverhouse	smartphonewellbeinglt5s	runningmaxstop	participantonly	true	s300	default	default	parrytothscreen	phone_check_inclusive_15s	m60	truncate	exclude_from_phone_and_app_sessions	s120	s0	s30	s2	empty	empty	true	false	none	unconditional	none	s2	false	true	livenessonly	m0	m120	s120	true	n0	none	ceritsamplecount	cadence10s	gap0s	behapp_start_anchored_half_open_1s_v1	false	true	false	p0	true
false	true	tothtrifonova	strategydefined	schoedelprose	none	true	true	true	h1	true	postreconstrictmax	droprow	fixedparameter	ns1h	false	true	false	none	primary_convert	startday	false	app_package_name	none	honorfilterflag	false	false	false	false	true	false	wide	top5	true	false	false	true	s60	strictlt	droprow	false	culverhouse	pengzhumedian	prevstop	participantstudyperson	false	s300	default	default	zhuscreen	null_no_app_strict_gt15s_vs_app	disabled	none	include	s120	s30	s0	s0	empty	default	true	false	usage_stat	unconditional	custom	s60	false	true	screenandliveness	m0	m120	s120	false	n2	anynotificationcontact	none	cadence10s	gap15s	none	true	true	true	p100	false
false	false	usagelogger5	strategydefined	schoedelprose	none	false	true	false	h12	true	postreconstrictmax	truncate	fixedparameter	ns1	true	false	false	america_chicago	selected_filter	splitmidnight	true	app_package_name	unknown_app	allsuppliedrows	false	false	true	false	true	false	wide	all	false	true	false	false	s60	inclusivele	droprow	false	culverhouse	pengzhumedian	runningmaxstop	participantstudy	false	s300	default	default	unlockofflock	null_no_app_strict_gt15s_vs_app	m60	truncate	include	s120	s30	s0	s2	empty	empty	false	true	usage_stat	gap_preserving	none	s60	true	false	screenandliveness	m360	m120	s0	false	n0	anynotificationcontact	ceritsamplecount	cadence60s	gap15s	none	true	false	true	p100	true
false	false	fgbgonly	strategydefined	schoedelprose	okoshilt5s	true	true	true	h1	unset	unset	unset	unset	unset	true	false	false	none	primary_filter	splitmidnight	true	application_label	unknown_app	systemscopeonly	false	false	false	false	false	false	wide	all	false	true	true	false	s60	inclusivele	retaincredit	false	none	zerrer60s	prevstop	participantstudyperson	false	s0	empty	empty	unlockofflock	null_no_app_strict_gt15s_vs_app	m60	exclude_participant	include	s120	s30	s0	s2	empty	default	true	false	none	gap_preserving	none	s0	false	false	livenessonly	m360	m0	s120	false	n0	seencontact	rosssampledgap	cadence5s	gap0s	none	true	false	false	p70	true
true	false	fgbgonly	strategydefined	fused	none	true	true	true	h1	true	postreconstrictmax	droprow	fixedparameter	ns1	true	true	true	america_new_york	selected_convert	startday	false	app_package_name	none	systemscopeonly	true	true	true	true	false	true	long	top5	true	false	true	false	s60	strictlt	retaincredit	false	culverhouse	pengzhumedian	runningmaxstop	participantonly	true	s300	empty	default	unlocklock	null_no_app_strict_gt15s_vs_app	disabled	none	exclude_from_phone_and_app_sessions	s120	s0	s0	s2	empty	default	false	false	none	gap_preserving	none	s60	false	true	livenessonly	m360	m120	s120	false	n2	anynotificationcontact	none	cadence5s	gap15s	none	false	true	true	p0	true
false	true	tothtrifonova	strategydefined	eyes	okoshilt5s	true	false	false	h12	true	postreconstrictmax	truncate	fixedparameter	ns1	false	false	false	america_new_york	selected_convert	splitmidnight	false	application_label	none	allsuppliedrows	true	false	false	true	true	true	long	all	false	true	false	true	s0	inclusivele	blankkeeprow	true	culverhouse	smartphonewellbeinglt5s	prevstop	participantonly	false	s0	default	empty	chroniclescreenv1	null_no_app_strict_gt15s_vs_app	disabled	none	include	s0	s30	s0	s2	empty	default	false	false	usage_stat	gap_preserving	custom	s0	false	false	screenonly	m0	m120	s0	true	n2	interruptioncontact	rosssampledgap	cadence10s	gap0s	none	true	true	false	p0	false
true	false	tothtrifonova	strategydefined	forward	okoshilt5s	true	true	false	h12	true	strategynative	notapplicable	strategynative	unset	true	false	false	america_new_york	selected_convert	splitmidnight	false	application_label	none	systemscopeonly	true	true	true	true	false	false	long	all	true	true	true	true	s0	strictlt	retaincredit	true	none	ross15s	runningmaxstop	participantstudy	true	s300	empty	default	chroniclescreenv1	phone_check_inclusive_15s	disabled	none	include	s0	s0	s30	s2	default	empty	false	false	none	gap_preserving	none	s60	false	false	strictvisualonly	m0	m120	s120	true	n2	anynotificationcontact	none	cadence5s	gap120s	none	true	false	false	p0	false
true	true	parrytoth7	gesisappstarts	fused	okoshilt5s	true	false	true	h1	true	chroniclerejection	notapplicable	legacyconfig	unset	true	true	true	none	primary_convert	startday	true	application_label	none	honorfilterflag	true	true	false	false	false	true	long	top5	true	false	true	true	s0	inclusivele	droprow	true	none	none	runningmaxstop	participantstudyperson	false	s0	empty	default	unlocklock	none	disabled	none	exclude_from_phone_and_app_sessions	s120	s0	s0	s0	default	empty	false	false	usage_stat	gap_preserving	none	s60	false	false	screenonly	m360	m0	s0	true	n0	anynotificationcontact	none	cadence60s	gap120s	none	true	false	false	p100	true
false	false	tothtrifonova	resumedonly	eyes	okoshilt5s	true	true	true	h12	true	strategynative	notapplicable	strategynative	unset	true	false	true	america_new_york	selected_convert	startday	false	app_package_name	unknown_app	honorfilterflag	true	true	true	true	false	false	wide	top5	true	false	false	true	s0	strictlt	retainexclude	true	none	zerrer60s	prevstop	participantonly	false	s0	empty	default	unlockofflock	phone_check_inclusive_15s	m60	truncate	include	s120	s30	s30	s2	default	empty	true	true	usage_stat	gap_preserving	none	s0	true	true	strictvisualonly	m0	m0	s120	false	n0	seencontact	rosssampledgap	cadence10s	gap15s	behapp_start_anchored_half_open_1s_v1	true	false	true	p70	false
true	true	fgbgonly	strategydefined	gesis	okoshilt5s	true	true	true	h12	unset	postreconstrictmax	flagretain	fixedparameter	ns1h	true	false	true	america_new_york	selected_convert	startday	false	app_package_name	unknown_app	allsuppliedrows	false	false	false	true	false	false	wide	all	true	true	false	false	s60	strictlt	droprow	false	none	zerrer60s	prevstop	participantstudy	true	s300	default	empty	zhuscreen	none	disabled	none	include	s120	s0	s30	s0	empty	empty	false	true	usage_stat	gap_preserving	none	s60	false	true	screenandliveness	m360	m120	s0	false	n2	seencontact	rosssampledgap	cadence60s	gap0s	behapp_start_anchored_half_open_1s_v1	false	true	true	p70	false
true	true	fgbgonly	strategydefined	fused	none	true	false	false	h12	unset	chroniclerejection	notapplicable	legacyconfig	unset	true	true	false	america_new_york	selected_convert	startday	false	app_package_name	unknown_app	systemscopeonly	false	false	true	true	true	false	long	all	true	false	false	true	s60	strictlt	retainexclude	true	culverhouse	smartphonewellbeinglt5s	runningmaxstop	participantstudyperson	false	s300	empty	default	unlocklock	none	disabled	none	exclude_from_phone_and_app_sessions	s0	s0	s0	s0	empty	empty	false	true	none	unconditional	custom	s0	true	false	strictvisualonly	m360	m120	s0	false	n0	none	rosssampledgap	cadence10s	gap120s	behapp_start_anchored_half_open_1s_v1	true	true	true	p0	false
false	true	none	gesisappstarts	eyes	none	true	false	false	h1	true	postreconstrictmax	retainexclude	fixedparameter	ns1h	true	false	true	none	primary_filter	splitmidnight	true	app_package_name	unknown_app	allsuppliedrows	true	true	false	false	false	true	long	top5	true	false	false	false	s60	strictlt	droprow	true	culverhouse	none	prevstop	participantstudy	true	s300	empty	default	zhuscreen	null_no_app_strict_gt15s_vs_app	disabled	none	exclude_from_phone_and_app_sessions	s0	s30	s0	s0	empty	default	false	true	none	unconditional	none	s60	true	true	screenonly	m0	m120	s120	true	n0	seencontact	rosssampledgap	cadence60s	gap120s	behapp_start_anchored_half_open_1s_v1	false	false	true	p70	false
true	false	tothtrifonova	resumedonly	gesis	none	true	false	false	h12	true	unset	unset	unset	unset	false	false	false	none	primary_filter	splitmidnight	true	application_label	none	allsuppliedrows	false	false	true	true	false	false	long	top5	false	true	true	true	s0	inclusivele	retainexclude	false	culverhouse	ross15s	runningmaxstop	participantstudyperson	true	s0	default	empty	unlocklock	null_no_app_strict_gt15s_vs_app	disabled	none	exclude_from_phone_and_app_sessions	s0	s30	s30	s0	default	default	true	false	usage_stat	unconditional	none	s0	true	true	screenandliveness	m360	m0	s0	false	n2	none	ceritsamplecount	cadence10s	gap120s	none	true	false	false	p100	false
true	false	usagelogger5	strategydefined	eyes	okoshilt5s	true	true	false	h1	true	strategynative	notapplicable	strategynative	unset	true	false	false	america_chicago	selected_filter	startday	false	application_label	none	allsuppliedrows	true	false	true	true	false	false	wide	top5	true	true	true	false	s60	inclusivele	retainexclude	false	culverhouse	pengzhumedian	runningmaxstop	participantonly	false	s300	default	default	unlocklock	none	m60	exclude_participant	include	s120	s30	s30	s2	default	default	true	false	none	unconditional	custom	s0	false	false	screenonly	m360	m120	s0	true	n0	anynotificationcontact	ceritsamplecount	cadence60s	gap15s	none	false	false	true	p70	false
